Workbook

Sheet Reference summary
A2: REVISED V4 — PART SIZE → TOOL BLOCK SIZE → BLOCK COUNT
A4: Process | B4: GENERIC PART — dimensions in mm | C4: Length | D4: Width | E4: Height | F4: Thickness | G4: Tool component and MALE / FEMALE role | H4: NUMBER OF BLOCKS of this size | I4: RAW STOCK TO ORDER — per block (mm) | J4: RAW BLOCK length (mm) | K4: RAW BLOCK width (mm) | L4: RAW BLOCK thickness (mm) | M4: ROUND BILLET diameter (mm) | N4: PART envelope length (mm) | O4: PART envelope width (mm) | P4: PART envelope height (mm) | Q4: PART outer diameter (mm) | R4: PART wall / sheet thickness (mm) | S4: TOTAL MACHINED BLOCKS per reference tool set | T4: Tooling Stock form | U4: Tooling Raw Material Grade | V4: Sizing basis / scope
A5: Bending | B5: L-bracket: bend 100; legs 50 × 50; sheet 2 | C5: 100 | D5: 50 | E5: 50 | F5: 2 | G5: MALE — Bending punch | H5: ='Tool blocks'!E5 -> 1 | I5: =IF(H5=0,"Purchased assembly",IF(T5="Round billet","Ø"&M5&" × "&J5,J5&" × "&K5&" × "&L5)) -> 120 × 40 × 90 | J5: ='Tool blocks'!X5 -> 120 | K5: ='Tool blocks'!Y5 -> 40 | L5: ='Tool blocks'!Z5 -> 90 | M5: ="n.a." -> n.a. | N5: 100 | O5: 50 | P5: 50 | Q5: n.a. | R5: 2 | S5: 0.5 | T5: Rectangular block | U5: DC01 steel | V5: Custom punch/die working bodies only; mounting interfaces need confirmation.
A6: Bending | B6: L-bracket: bend 100; legs 50 × 50; sheet 2 | C6: 100 | D6: 50 | E6: 50 | F6: 2 | G6: FEMALE DIE — V-die | H6: ='Tool blocks'!E6 -> 1 | I6: =IF(H6=0,"Purchased assembly",IF(T6="Round billet","Ø"&M6&" × "&J6,J6&" × "&K6&" × "&L6)) -> 120 × 50 × 45 | J6: ='Tool blocks'!X6 -> 120 | K6: ='Tool blocks'!Y6 -> 50 | L6: ='Tool blocks'!Z6 -> 45 | M6: ="n.a." -> n.a. | N6: 100 | O6: 50 | P6: 50 | Q6: n.a. | R6: 2 | S6: 0.5 | T6: Rectangular block | U6: DC01 steel | V6: Custom punch/die working bodies only; mounting interfaces need confirmation.
A7: Metal extrusion | B7: Square tube: 40 × 40 × wall 3; length 1000 | C7: 1000 | D7: 40 | E7: 40 | F7: 3 | G7: FEMALE DIE — Profile die disk | H7: ='Tool blocks'!E17 -> 1 | I7: =IF(H7=0,"Purchased assembly",IF(T7="Round billet","Ø"&M7&" × "&J7,J7&" × "&K7&" × "&L7)) -> Ø190 × 70 | J7: ='Tool blocks'!Z17 -> 70 | K7: ="n.a." -> n.a. | L7: ="n.a." -> n.a. | M7: ='Tool blocks'!X17 -> 190 | N7: 1000 | O7: 40 | P7: 40 | Q7: n.a. | R7: 3 | S7: 0.33333333 | T7: Round billet | U7: EN AW-6063 aluminum | V7: Illustrative Ø180 mm die package; actual press container and holder govern outside diameter.
A8: Metal extrusion | B8: Square tube: 40 × 40 × wall 3; length 1000 | C8: 1000 | D8: 40 | E8: 40 | F8: 3 | G8: MALE / BRIDGE — Bridge plate with integral mandrel | H8: ='Tool blocks'!E18 -> 1 | I8: =IF(H8=0,"Purchased assembly",IF(T8="Round billet","Ø"&M8&" × "&J8,J8&" × "&K8&" × "&L8)) -> Ø190 × 70 | J8: ='Tool blocks'!Z18 -> 70 | K8: ="n.a." -> n.a. | L8: ="n.a." -> n.a. | M8: ='Tool blocks'!X18 -> 190 | N8: 1000 | O8: 40 | P8: 40 | Q8: n.a. | R8: 3 | S8: 0.33333333 | T8: Round billet | U8: EN AW-6063 aluminum | V8: Illustrative Ø180 mm die package; actual press container and holder govern outside diameter.
A9: Metal extrusion | B9: Square tube: 40 × 40 × wall 3; length 1000 | C9: 1000 | D9: 40 | E9: 40 | F9: 3 | G9: SUPPORT — Die backer | H9: ='Tool blocks'!E19 -> 1 | I9: =IF(H9=0,"Purchased assembly",IF(T9="Round billet","Ø"&M9&" × "&J9,J9&" × "&K9&" × "&L9)) -> Ø190 × 50 | J9: ='Tool blocks'!Z19 -> 50 | K9: ="n.a." -> n.a. | L9: ="n.a." -> n.a. | M9: ='Tool blocks'!X19 -> 190 | N9: 1000 | O9: 40 | P9: 40 | Q9: n.a. | R9: 3 | S9: 0.33333333 | T9: Round billet | U9: EN AW-6063 aluminum | V9: Illustrative Ø180 mm die package; actual press container and holder govern outside diameter.
A10: Die casting | B10: Open hemisphere: Ø100 × depth 50; wall 3 | C10: 100 | D10: 100 | E10: 50 | F10: 3 | G10: FEMALE — Outer hemisphere cavity | H10: ='Tool blocks'!E35 -> 1 | I10: =IF(H10=0,"Purchased assembly",IF(T10="Round billet","Ø"&M10&" × "&J10,J10&" × "&K10&" × "&L10)) -> 190 × 190 × 100 | J10: ='Tool blocks'!X35 -> 190 | K10: ='Tool blocks'!Y35 -> 190 | L10: ='Tool blocks'!Z35 -> 100 | M10: ="n.a." -> n.a. | N10: 100 | O10: 100 | P10: 50 | Q10: 100 | R10: 3 | S10: 0.5 | T10: Rectangular block | U10: A380 aluminum | V10: Working inserts only. Mold base, feed/ejection hardware and any joining fixture are additional.
A11: Die casting | B11: Open hemisphere: Ø100 × depth 50; wall 3 | C11: 100 | D11: 100 | E11: 50 | F11: 3 | G11: MALE — Inner hemisphere core | H11: ='Tool blocks'!E36 -> 1 | I11: =IF(H11=0,"Purchased assembly",IF(T11="Round billet","Ø"&M11&" × "&J11,J11&" × "&K11&" × "&L11)) -> 175 × 175 × 90 | J11: ='Tool blocks'!X36 -> 175 | K11: ='Tool blocks'!Y36 -> 175 | L11: ='Tool blocks'!Z36 -> 90 | M11: ="n.a." -> n.a. | N11: 100 | O11: 100 | P11: 50 | Q11: 100 | R11: 3 | S11: 0.5 | T11: Rectangular block | U11: A380 aluminum | V11: Working inserts only. Mold base, feed/ejection hardware and any joining fixture are additional.
A12: Sand casting | B12: Solid sphere: Ø100 | C12: 100 | D12: 100 | E12: 100 | F12: n.a | G12: MALE PATTERN — Positive hemisphere pattern | H12: ='Tool blocks'!E47 -> 2 | I12: =IF(H12=0,"Purchased assembly",IF(T12="Round billet","Ø"&M12&" × "&J12,J12&" × "&K12&" × "&L12)) -> 110 × 110 × 70 | J12: ='Tool blocks'!X47 -> 110 | K12: ='Tool blocks'!Y47 -> 110 | L12: ='Tool blocks'!Z47 -> 70 | M12: ="n.a." -> n.a. | N12: 100 | O12: 100 | P12: 100 | Q12: 100 | R12: n.a. | S12: 0.66666667 | T12: Rectangular block | U12: EN-GJL-250 gray cast iron | V12: Machined aluminum pattern route selected. Wood/resin or printed sand remain alternative routes, not additional blocks.
A13: Sand casting | B13: Solid sphere: Ø100 | C13: 100 | D13: 100 | E13: 100 | F13: n.a | G13: SUPPORT — Pattern mounting plate | H13: ='Tool blocks'!E48 -> 1 | I13: =IF(H13=0,"Purchased assembly",IF(T13="Round billet","Ø"&M13&" × "&J13,J13&" × "&K13&" × "&L13)) -> 180 × 180 × 30 | J13: ='Tool blocks'!X48 -> 180 | K13: ='Tool blocks'!Y48 -> 180 | L13: ='Tool blocks'!Z48 -> 30 | M13: ="n.a." -> n.a. | N13: 100 | O13: 100 | P13: 100 | Q13: 100 | R13: n.a. | S13: 0.33333333 | T13: Rectangular block | U13: EN-GJL-250 gray cast iron | V13: Machined aluminum pattern route selected. Wood/resin or printed sand remain alternative routes, not additional blocks.
A14: Investment casting | B14: Solid sphere: Ø100 (wax-pattern tooling) | C14: 100 | D14: 100 | E14: 100 | F14: n.a | G14: FEMALE — Wax-mold hemisphere half | H14: ='Tool blocks'!E59 -> 2 | I14: =IF(H14=0,"Purchased assembly",IF(T14="Round billet","Ø"&M14&" × "&J14,J14&" × "&K14&" × "&L14)) -> 170 × 170 × 90 | J14: ='Tool blocks'!X59 -> 170 | K14: ='Tool blocks'!Y59 -> 170 | L14: ='Tool blocks'!Z59 -> 90 | M14: ="n.a." -> n.a. | N14: 100 | O14: 100 | P14: 100 | Q14: 100 | R14: n.a. | S14: 1 | T14: Rectangular block | U14: Cast 316L stainless steel | V14: Wax-injection mold blocks only; 2% total tool-size enlargement is an estimating assumption, not a qualified shrinkage value.
A15: Closed die forging | B15: Solid sphere: Ø100 (forging) | C15: 100 | D15: 100 | E15: 100 | F15: n.a | G15: FEMALE DIE — Forging impression half | H15: ='Tool blocks'!E65 -> 2 | I15: =IF(H15=0,"Purchased assembly",IF(T15="Round billet","Ø"&M15&" × "&J15,J15&" × "&K15&" × "&L15)) -> 210 × 210 × 130 | J15: ='Tool blocks'!X65 -> 210 | K15: ='Tool blocks'!Y65 -> 210 | L15: ='Tool blocks'!Z65 -> 130 | M15: ="n.a." -> n.a. | N15: 100 | O15: 100 | P15: 100 | Q15: 100 | R15: n.a. | S15: 0.5 | T15: Rectangular block | U15: C45 steel | V15: Finishing and trimming tools shown. Billet preparation or blocker tooling may be additional.
A16: Closed die forging | B16: Solid sphere: Ø100 (forging) | C16: 100 | D16: 100 | E16: 100 | F16: n.a | G16: MALE — Trimming punch | H16: ='Tool blocks'!E66 -> 1 | I16: =IF(H16=0,"Purchased assembly",IF(T16="Round billet","Ø"&M16&" × "&J16,J16&" × "&K16&" × "&L16)) -> Ø110 × 70 | J16: ='Tool blocks'!Z66 -> 70 | K16: ="n.a." -> n.a. | L16: ="n.a." -> n.a. | M16: ='Tool blocks'!X66 -> 110 | N16: 100 | O16: 100 | P16: 100 | Q16: 100 | R16: n.a. | S16: 0.25 | T16: Round billet | U16: C45 steel | V16: Finishing and trimming tools shown. Billet preparation or blocker tooling may be additional.
A17: Closed die forging | B17: Solid sphere: Ø100 (forging) | C17: 100 | D17: 100 | E17: 100 | F17: n.a | G17: FEMALE DIE — Trimming die | H17: ='Tool blocks'!E67 -> 1 | I17: =IF(H17=0,"Purchased assembly",IF(T17="Round billet","Ø"&M17&" × "&J17,J17&" × "&K17&" × "&L17)) -> 180 × 180 × 50 | J17: ='Tool blocks'!X67 -> 180 | K17: ='Tool blocks'!Y67 -> 180 | L17: ='Tool blocks'!Z67 -> 50 | M17: ="n.a." -> n.a. | N17: 100 | O17: 100 | P17: 100 | Q17: 100 | R17: n.a. | S17: 0.25 | T17: Rectangular block | U17: C45 steel | V17: Finishing and trimming tools shown. Billet preparation or blocker tooling may be additional.
A18: Plastic extrusion | B18: Rectangular tube: 40 × 25 × wall 2; length 1000 | C18: 1000 | D18: 40 | E18: 25 | F18: 2 | G18: FEMALE DIE — Profile die block | H18: ='Tool blocks'!E83 -> 1 | I18: =IF(H18=0,"Purchased assembly",IF(T18="Round billet","Ø"&M18&" × "&J18,J18&" × "&K18&" × "&L18)) -> 130 × 115 × 60 | J18: ='Tool blocks'!X83 -> 130 | K18: ='Tool blocks'!Y83 -> 115 | L18: ='Tool blocks'!Z83 -> 60 | M18: ="n.a." -> n.a. | N18: 1000 | O18: 40 | P18: 25 | Q18: n.a. | R18: 2 | S18: 0.33333333 | T18: Rectangular block | U18: Rigid PVC | V18: Illustrative compact profile head; upstream distributor and screw/barrel are separate.
A19: Plastic extrusion | B19: Rectangular tube: 40 × 25 × wall 2; length 1000 | C19: 1000 | D19: 40 | E19: 25 | F19: 2 | G19: MALE — Profile mandrel | H19: ='Tool blocks'!E84 -> 1 | I19: =IF(H19=0,"Purchased assembly",IF(T19="Round billet","Ø"&M19&" × "&J19,J19&" × "&K19&" × "&L19)) -> 45 × 30 × 110 | J19: ='Tool blocks'!X84 -> 45 | K19: ='Tool blocks'!Y84 -> 30 | L19: ='Tool blocks'!Z84 -> 110 | M19: ="n.a." -> n.a. | N19: 1000 | O19: 40 | P19: 25 | Q19: n.a. | R19: 2 | S19: 0.33333333 | T19: Rectangular block | U19: Rigid PVC | V19: Illustrative compact profile head; upstream distributor and screw/barrel are separate.
A20: Plastic extrusion | B20: Rectangular tube: 40 × 25 × wall 2; length 1000 | C20: 1000 | D20: 40 | E20: 25 | F20: 2 | G20: FEMALE CALIBRATOR — Calibration block | H20: ='Tool blocks'!E85 -> 1 | I20: =IF(H20=0,"Purchased assembly",IF(T20="Round billet","Ø"&M20&" × "&J20,J20&" × "&K20&" × "&L20)) -> 110 × 95 × 210 | J20: ='Tool blocks'!X85 -> 110 | K20: ='Tool blocks'!Y85 -> 95 | L20: ='Tool blocks'!Z85 -> 210 | M20: ="n.a." -> n.a. | N20: 1000 | O20: 40 | P20: 25 | Q20: n.a. | R20: 2 | S20: 0.33333333 | T20: Rectangular block | U20: Rigid PVC | V20: Illustrative compact profile head; upstream distributor and screw/barrel are separate.
A21: Blow molding | B21: Hollow sphere: Ø100 body; total height 120 with neck; wall ~1 | C21: 100 | D21: 100 | E21: 120 | F21: 1 | G21: FEMALE — Spherical bottle mold half | H21: ='Tool blocks'!E101 -> 2 | I21: =IF(H21=0,"Purchased assembly",IF(T21="Round billet","Ø"&M21&" × "&J21,J21&" × "&K21&" × "&L21)) -> 170 × 190 × 85 | J21: ='Tool blocks'!X101 -> 170 | K21: ='Tool blocks'!Y101 -> 190 | L21: ='Tool blocks'!Z101 -> 85 | M21: ="n.a." -> n.a. | N21: 100 | O21: 100 | P21: 120 | Q21: 100 | R21: 1 | S21: 0.66666667 | T21: Rectangular block | U21: Blow-molding HDPE | V21: Extrusion blow-molding route. Pinch-off, neck and parting detail require final layout.
A22: Blow molding | B22: Hollow sphere: Ø100 body; total height 120 with neck; wall ~1 | C22: 100 | D22: 100 | E22: 120 | F22: 1 | G22: MALE PIN — Blow pin | H22: ='Tool blocks'!E102 -> 1 | I22: =IF(H22=0,"Purchased assembly",IF(T22="Round billet","Ø"&M22&" × "&J22,J22&" × "&K22&" × "&L22)) -> Ø30 × 90 | J22: ='Tool blocks'!Z102 -> 90 | K22: ="n.a." -> n.a. | L22: ="n.a." -> n.a. | M22: ='Tool blocks'!X102 -> 30 | N22: 100 | O22: 100 | P22: 120 | Q22: 100 | R22: 1 | S22: 0.33333333 | T22: Round billet | U22: Blow-molding HDPE | V22: Extrusion blow-molding route. Pinch-off, neck and parting detail require final layout.
A23: Compression molding | B23: Open hemisphere: Ø100 × depth 50; wall 3 | C23: 100 | D23: 100 | E23: 50 | F23: 3 | G23: FEMALE — Outer hemisphere cavity | H23: ='Tool blocks'!E113 -> 1 | I23: =IF(H23=0,"Purchased assembly",IF(T23="Round billet","Ø"&M23&" × "&J23,J23&" × "&K23&" × "&L23)) -> 180 × 180 × 95 | J23: ='Tool blocks'!X113 -> 180 | K23: ='Tool blocks'!Y113 -> 180 | L23: ='Tool blocks'!Z113 -> 95 | M23: ="n.a." -> n.a. | N23: 100 | O23: 100 | P23: 50 | Q23: 100 | R23: 3 | S23: 0.5 | T23: Rectangular block | U23: Glass-filled thermoset SMC | V23: Matched working inserts; press plates, heater cartridges and ejector assembly are additional.
A24: Compression molding | B24: Open hemisphere: Ø100 × depth 50; wall 3 | C24: 100 | D24: 100 | E24: 50 | F24: 3 | G24: MALE — Inner hemisphere core | H24: ='Tool blocks'!E114 -> 1 | I24: =IF(H24=0,"Purchased assembly",IF(T24="Round billet","Ø"&M24&" × "&J24,J24&" × "&K24&" × "&L24)) -> 165 × 165 × 85 | J24: ='Tool blocks'!X114 -> 165 | K24: ='Tool blocks'!Y114 -> 165 | L24: ='Tool blocks'!Z114 -> 85 | M24: ="n.a." -> n.a. | N24: 100 | O24: 100 | P24: 50 | Q24: 100 | R24: 3 | S24: 0.5 | T24: Rectangular block | U24: Glass-filled thermoset SMC | V24: Matched working inserts; press plates, heater cartridges and ejector assembly are additional.
A25: Transfer molding | B25: Block: 60 × 40 × 15; two Ø6 holes | C25: 60 | D25: 40 | E25: 15 | F25: n.a | G25: FEMALE — Cavity half | H25: ='Tool blocks'!E125 -> 2 | I25: =IF(H25=0,"Purchased assembly",IF(T25="Round billet","Ø"&M25&" × "&J25,J25&" × "&K25&" × "&L25)) -> 130 × 110 × 45 | J25: ='Tool blocks'!X125 -> 130 | K25: ='Tool blocks'!Y125 -> 110 | L25: ='Tool blocks'!Z125 -> 45 | M25: ="n.a." -> n.a. | N25: 60 | O25: 40 | P25: 15 | Q25: n.a. | R25: n.a. | S25: 0.33333333 | T25: Rectangular block | U25: Mineral-filled thermoset epoxy | V25: Transfer pot/plunger sizes assumed for one cavity; charge, runner volume and transfer pressure need checking.
A26: Transfer molding | B26: Block: 60 × 40 × 15; two Ø6 holes | C26: 60 | D26: 40 | E26: 15 | F26: n.a | G26: MALE PIN — Hole core pin | H26: ='Tool blocks'!E126 -> 2 | I26: =IF(H26=0,"Purchased assembly",IF(T26="Round billet","Ø"&M26&" × "&J26,J26&" × "&K26&" × "&L26)) -> Ø9 × 43 | J26: ='Tool blocks'!Z126 -> 43 | K26: ="n.a." -> n.a. | L26: ="n.a." -> n.a. | M26: ='Tool blocks'!X126 -> 9 | N26: 60 | O26: 40 | P26: 15 | Q26: n.a. | R26: n.a. | S26: 0.33333333 | T26: Round billet | U26: Mineral-filled thermoset epoxy | V26: Transfer pot/plunger sizes assumed for one cavity; charge, runner volume and transfer pressure need checking.
A27: Transfer molding | B27: Block: 60 × 40 × 15; two Ø6 holes | C27: 60 | D27: 40 | E27: 15 | F27: n.a | G27: FEMALE POT — Transfer pot insert | H27: ='Tool blocks'!E127 -> 1 | I27: =IF(H27=0,"Purchased assembly",IF(T27="Round billet","Ø"&M27&" × "&J27,J27&" × "&K27&" × "&L27)) -> Ø90 × 60 | J27: ='Tool blocks'!Z127 -> 60 | K27: ="n.a." -> n.a. | L27: ="n.a." -> n.a. | M27: ='Tool blocks'!X127 -> 90 | N27: 60 | O27: 40 | P27: 15 | Q27: n.a. | R27: n.a. | S27: 0.16666667 | T27: Round billet | U27: Mineral-filled thermoset epoxy | V27: Transfer pot/plunger sizes assumed for one cavity; charge, runner volume and transfer pressure need checking.
A28: Transfer molding | B28: Block: 60 × 40 × 15; two Ø6 holes | C28: 60 | D28: 40 | E28: 15 | F28: n.a | G28: MALE PLUNGER — Transfer plunger | H28: ='Tool blocks'!E128 -> 1 | I28: =IF(H28=0,"Purchased assembly",IF(T28="Round billet","Ø"&M28&" × "&J28,J28&" × "&K28&" × "&L28)) -> Ø50 × 90 | J28: ='Tool blocks'!Z128 -> 90 | K28: ="n.a." -> n.a. | L28: ="n.a." -> n.a. | M28: ='Tool blocks'!X128 -> 50 | N28: 60 | O28: 40 | P28: 15 | Q28: n.a. | R28: n.a. | S28: 0.16666667 | T28: Round billet | U28: Mineral-filled thermoset epoxy | V28: Transfer pot/plunger sizes assumed for one cavity; charge, runner volume and transfer pressure need checking.
A29: Rotational molding | B29: Hollow sphere: Ø100; wall 3 | C29: 100 | D29: 100 | E29: 100 | F29: 3 | G29: FEMALE SHELL — Machined hemispherical mold shell | H29: ='Tool blocks'!E149 -> 2 | I29: =IF(H29=0,"Purchased assembly",IF(T29="Round billet","Ø"&M29&" × "&J29,J29&" × "&K29&" × "&L29)) -> 150 × 150 × 70 | J29: ='Tool blocks'!X149 -> 150 | K29: ='Tool blocks'!Y149 -> 150 | L29: ='Tool blocks'!Z149 -> 70 | M29: ="n.a." -> n.a. | N29: 100 | O29: 100 | P29: 100 | Q29: 100 | R29: 3 | S29: 1 | T29: Rectangular block | U29: Rotomolding LLDPE | V29: Machined aluminum-shell route chosen so stock can be estimated. Mill the outside to leave an assumed 8 mm shell; keep flange.
A30: Powder metallurgy — press and sinter | B30: Bushing: flange Ø40; body Ø30; bore Ø20; height 25 | C30: 40 | D30: 40 | E30: 25 | F30: n.a | G30: FEMALE DIE — Compaction die body | H30: ='Tool blocks'!E155 -> 1 | I30: =IF(H30=0,"Purchased assembly",IF(T30="Round billet","Ø"&M30&" × "&J30,J30&" × "&K30&" × "&L30)) -> Ø110 × 70 | J30: ='Tool blocks'!Z155 -> 70 | K30: ="n.a." -> n.a. | L30: ="n.a." -> n.a. | M30: ='Tool blocks'!X155 -> 110 | N30: 40 | O30: 40 | P30: 25 | Q30: 40 | R30: Variable | S30: 0.2 | T30: Round billet | U30: Fe-Cu-C powder-metal alloy | V30: Steel development tooling baseline for dimensions. Carbide insert/steel support assemblies require separate interface design.
A31: Powder metallurgy — press and sinter | B31: Bushing: flange Ø40; body Ø30; bore Ø20; height 25 | C31: 40 | D31: 40 | E31: 25 | F31: n.a | G31: MALE PUNCH — Upper annular punch | H31: ='Tool blocks'!E156 -> 1 | I31: =IF(H31=0,"Purchased assembly",IF(T31="Round billet","Ø"&M31&" × "&J31,J31&" × "&K31&" × "&L31)) -> Ø50 × 70 | J31: ='Tool blocks'!Z156 -> 70 | K31: ="n.a." -> n.a. | L31: ="n.a." -> n.a. | M31: ='Tool blocks'!X156 -> 50 | N31: 40 | O31: 40 | P31: 25 | Q31: 40 | R31: Variable | S31: 0.2 | T31: Round billet | U31: Fe-Cu-C powder-metal alloy | V31: Steel development tooling baseline for dimensions. Carbide insert/steel support assemblies require separate interface design.
A32: Powder metallurgy — press and sinter | B32: Bushing: flange Ø40; body Ø30; bore Ø20; height 25 | C32: 40 | D32: 40 | E32: 25 | F32: n.a | G32: MALE PUNCH — Lower inner punch | H32: ='Tool blocks'!E157 -> 1 | I32: =IF(H32=0,"Purchased assembly",IF(T32="Round billet","Ø"&M32&" × "&J32,J32&" × "&K32&" × "&L32)) -> Ø40 × 90 | J32: ='Tool blocks'!Z157 -> 90 | K32: ="n.a." -> n.a. | L32: ="n.a." -> n.a. | M32: ='Tool blocks'!X157 -> 40 | N32: 40 | O32: 40 | P32: 25 | Q32: 40 | R32: Variable | S32: 0.2 | T32: Round billet | U32: Fe-Cu-C powder-metal alloy | V32: Steel development tooling baseline for dimensions. Carbide insert/steel support assemblies require separate interface design.
A33: Powder metallurgy — press and sinter | B33: Bushing: flange Ø40; body Ø30; bore Ø20; height 25 | C33: 40 | D33: 40 | E33: 25 | F33: n.a | G33: MALE PUNCH — Lower outer punch | H33: ='Tool blocks'!E158 -> 1 | I33: =IF(H33=0,"Purchased assembly",IF(T33="Round billet","Ø"&M33&" × "&J33,J33&" × "&K33&" × "&L33)) -> Ø50 × 90 | J33: ='Tool blocks'!Z158 -> 90 | K33: ="n.a." -> n.a. | L33: ="n.a." -> n.a. | M33: ='Tool blocks'!X158 -> 50 | N33: 40 | O33: 40 | P33: 25 | Q33: 40 | R33: Variable | S33: 0.2 | T33: Round billet | U33: Fe-Cu-C powder-metal alloy | V33: Steel development tooling baseline for dimensions. Carbide insert/steel support assemblies require separate interface design.
A34: Powder metallurgy — press and sinter | B34: Bushing: flange Ø40; body Ø30; bore Ø20; height 25 | C34: 40 | D34: 40 | E34: 25 | F34: n.a | G34: MALE CORE — Bore core rod | H34: ='Tool blocks'!E159 -> 1 | I34: =IF(H34=0,"Purchased assembly",IF(T34="Round billet","Ø"&M34&" × "&J34,J34&" × "&K34&" × "&L34)) -> Ø22 × 102 | J34: ='Tool blocks'!Z159 -> 102 | K34: ="n.a." -> n.a. | L34: ="n.a." -> n.a. | M34: ='Tool blocks'!X159 -> 22 | N34: 40 | O34: 40 | P34: 25 | Q34: 40 | R34: Variable | S34: 0.2 | T34: Round billet | U34: Fe-Cu-C powder-metal alloy | V34: Steel development tooling baseline for dimensions. Carbide insert/steel support assemblies require separate interface design.
A35: Metal injection molding — MIM | B35: Clevis: 30 × 15 × 12; sections 3; holes Ø4 | C35: 30 | D35: 15 | E35: 12 | F35: 3 | G35: FEMALE — Cavity insert | H35: ='Tool blocks'!E185 -> 1 | I35: =IF(H35=0,"Purchased assembly",IF(T35="Round billet","Ø"&M35&" × "&J35,J35&" × "&K35&" × "&L35)) -> 95 × 75 × 40 | J35: ='Tool blocks'!X185 -> 95 | K35: ='Tool blocks'!Y185 -> 75 | L35: ='Tool blocks'!Z185 -> 40 | M35: ="n.a." -> n.a. | N35: 30 | O35: 15 | P35: 12 | Q35: n.a. | R35: 3 | S35: 0.25 | T35: Rectangular block | U35: MIM 17-4PH stainless steel | V35: 18% linear tool enlargement is an explicit placeholder for feedstock-specific compensation, not a certified shrinkage.
A36: Metal injection molding — MIM | B36: Clevis: 30 × 15 × 12; sections 3; holes Ø4 | C36: 30 | D36: 15 | E36: 12 | F36: 3 | G36: MALE / CORE SIDE — Core-side insert | H36: ='Tool blocks'!E186 -> 1 | I36: =IF(H36=0,"Purchased assembly",IF(T36="Round billet","Ø"&M36&" × "&J36,J36&" × "&K36&" × "&L36)) -> 95 × 75 × 40 | J36: ='Tool blocks'!X186 -> 95 | K36: ='Tool blocks'!Y186 -> 75 | L36: ='Tool blocks'!Z186 -> 40 | M36: ="n.a." -> n.a. | N36: 30 | O36: 15 | P36: 12 | Q36: n.a. | R36: 3 | S36: 0.25 | T36: Rectangular block | U36: MIM 17-4PH stainless steel | V36: 18% linear tool enlargement is an explicit placeholder for feedstock-specific compensation, not a certified shrinkage.
A37: Metal injection molding — MIM | B37: Clevis: 30 × 15 × 12; sections 3; holes Ø4 | C37: 30 | D37: 15 | E37: 12 | F37: 3 | G37: MALE PIN — Transverse hole core pin | H37: ='Tool blocks'!E187 -> 1 | I37: =IF(H37=0,"Purchased assembly",IF(T37="Round billet","Ø"&M37&" × "&J37,J37&" × "&K37&" × "&L37)) -> Ø7 × 53 | J37: ='Tool blocks'!Z187 -> 53 | K37: ="n.a." -> n.a. | L37: ="n.a." -> n.a. | M37: ='Tool blocks'!X187 -> 7 | N37: 30 | O37: 15 | P37: 12 | Q37: n.a. | R37: 3 | S37: 0.25 | T37: Round billet | U37: MIM 17-4PH stainless steel | V37: 18% linear tool enlargement is an explicit placeholder for feedstock-specific compensation, not a certified shrinkage.
A38: Metal injection molding — MIM | B38: Clevis: 30 × 15 × 12; sections 3; holes Ø4 | C38: 30 | D38: 15 | E38: 12 | F38: 3 | G38: SUPPORT / SLIDE — Core-pin slide carrier | H38: ='Tool blocks'!E188 -> 1 | I38: =IF(H38=0,"Purchased assembly",IF(T38="Round billet","Ø"&M38&" × "&J38,J38&" × "&K38&" × "&L38)) -> 50 × 40 × 40 | J38: ='Tool blocks'!X188 -> 50 | K38: ='Tool blocks'!Y188 -> 40 | L38: ='Tool blocks'!Z188 -> 40 | M38: ="n.a." -> n.a. | N38: 30 | O38: 15 | P38: 12 | Q38: n.a. | R38: 3 | S38: 0.25 | T38: Rectangular block | U38: MIM 17-4PH stainless steel | V38: 18% linear tool enlargement is an explicit placeholder for feedstock-specific compensation, not a certified shrinkage.
A39: Composite molding | B39: Open hemisphere: Ø100 × depth 50; laminate 2 | C39: 100 | D39: 100 | E39: 50 | F39: 2 | G39: FEMALE — Female lay-up mold | H39: ='Tool blocks'!E209 -> 1 | I39: =IF(H39=0,"Purchased assembly",IF(T39="Round billet","Ø"&M39&" × "&J39,J39&" × "&K39&" × "&L39)) -> 190 × 190 × 75 | J39: ='Tool blocks'!X209 -> 190 | K39: ='Tool blocks'!Y209 -> 190 | L39: ='Tool blocks'!Z209 -> 75 | M39: ="n.a." -> n.a. | N39: 100 | O39: 100 | P39: 50 | Q39: 100 | R39: 2 | S39: 1 | T39: Rectangular block | U39: Glass-fiber/epoxy | V39: Machined aluminum one-sided mold selected. RTM would require a separate matched male tool and pressure design.
A40: Pultrusion | B40: Square tube: 40 × 40 × wall 3; length 1000 | C40: 1000 | D40: 40 | E40: 40 | F40: 3 | G40: FEMALE DIE — Split female die block | H40: ='Tool blocks'!E215 -> 2 | I40: =IF(H40=0,"Purchased assembly",IF(T40="Round billet","Ø"&M40&" × "&J40,J40&" × "&K40&" × "&L40)) -> 570 × 110 × 60 | J40: ='Tool blocks'!X215 -> 570 | K40: ='Tool blocks'!Y215 -> 110 | L40: ='Tool blocks'!Z215 -> 60 | M40: ="n.a." -> n.a. | N40: 1000 | O40: 40 | P40: 40 | Q40: n.a. | R40: 3 | S40: 0.66666667 | T40: Rectangular block | U40: Glass-fiber/polyester | V40: Die length is an estimating assumption tied to cure residence time, not finished cut length.
A41: Pultrusion | B41: Square tube: 40 × 40 × wall 3; length 1000 | C41: 1000 | D41: 40 | E41: 40 | F41: 3 | G41: MALE — Internal mandrel | H41: ='Tool blocks'!E216 -> 1 | I41: =IF(H41=0,"Purchased assembly",IF(T41="Round billet","Ø"&M41&" × "&J41,J41&" × "&K41&" × "&L41)) -> 660 × 40 × 40 | J41: ='Tool blocks'!X216 -> 660 | K41: ='Tool blocks'!Y216 -> 40 | L41: ='Tool blocks'!Z216 -> 40 | M41: ="n.a." -> n.a. | N41: 1000 | O41: 40 | P41: 40 | Q41: n.a. | R41: 3 | S41: 0.33333333 | T41: Rectangular block | U41: Glass-fiber/polyester | V41: Die length is an estimating assumption tied to cure residence time, not finished cut length.
A42: Punching / blanking | B42: Flat disc: Ø100 × thickness 2 | C42: 100 | D42: 100 | E42: 2 | F42: 2 | G42: MALE — Blanking punch | H42: ='Tool blocks'!E227 -> 1 | I42: =IF(H42=0,"Purchased assembly",IF(T42="Round billet","Ø"&M42&" × "&J42,J42&" × "&K42&" × "&L42)) -> Ø110 × 70 | J42: ='Tool blocks'!Z227 -> 70 | K42: ="n.a." -> n.a. | L42: ="n.a." -> n.a. | M42: ='Tool blocks'!X227 -> 110 | N42: 100 | O42: 100 | P42: 2 | Q42: 100 | R42: 2 | S42: 0.33333333 | T42: Round billet | U42: DC01 steel | V42: Punch/die clearance not selected; small clearance changes the cutting opening but does not establish structural margins.
A43: Punching / blanking | B43: Flat disc: Ø100 × thickness 2 | C43: 100 | D43: 100 | E43: 2 | F43: 2 | G43: FEMALE DIE — Blanking die insert | H43: ='Tool blocks'!E228 -> 1 | I43: =IF(H43=0,"Purchased assembly",IF(T43="Round billet","Ø"&M43&" × "&J43,J43&" × "&K43&" × "&L43)) -> 170 × 170 × 40 | J43: ='Tool blocks'!X228 -> 170 | K43: ='Tool blocks'!Y228 -> 170 | L43: ='Tool blocks'!Z228 -> 40 | M43: ="n.a." -> n.a. | N43: 100 | O43: 100 | P43: 2 | Q43: 100 | R43: 2 | S43: 0.33333333 | T43: Rectangular block | U43: DC01 steel | V43: Punch/die clearance not selected; small clearance changes the cutting opening but does not establish structural margins.
A44: Punching / blanking | B44: Flat disc: Ø100 × thickness 2 | C44: 100 | D44: 100 | E44: 2 | F44: 2 | G44: STRIPPER — Stripper plate | H44: ='Tool blocks'!E229 -> 1 | I44: =IF(H44=0,"Purchased assembly",IF(T44="Round billet","Ø"&M44&" × "&J44,J44&" × "&K44&" × "&L44)) -> 180 × 180 × 30 | J44: ='Tool blocks'!X229 -> 180 | K44: ='Tool blocks'!Y229 -> 180 | L44: ='Tool blocks'!Z229 -> 30 | M44: ="n.a." -> n.a. | N44: 100 | O44: 100 | P44: 2 | Q44: 100 | R44: 2 | S44: 0.33333333 | T44: Rectangular block | U44: DC01 steel | V44: Punch/die clearance not selected; small clearance changes the cutting opening but does not establish structural margins.
A45: Fine blanking | B45: Flat disc: Ø100 × thickness 5; hole Ø20 | C45: 100 | D45: 100 | E45: 5 | F45: 5 | G45: MALE — Main fine-blanking punch | H45: ='Tool blocks'!E245 -> 1 | I45: =IF(H45=0,"Purchased assembly",IF(T45="Round billet","Ø"&M45&" × "&J45,J45&" × "&K45&" × "&L45)) -> Ø110 × 80 | J45: ='Tool blocks'!Z245 -> 80 | K45: ="n.a." -> n.a. | L45: ="n.a." -> n.a. | M45: ='Tool blocks'!X245 -> 110 | N45: 100 | O45: 100 | P45: 5 | Q45: 100 | R45: 5 | S45: 0.2 | T45: Round billet | U45: DC04 steel, qualified for fine blanking | V45: Working components only. Triple-action guidance, backing and press interfaces are additional.
A46: Fine blanking | B46: Flat disc: Ø100 × thickness 5; hole Ø20 | C46: 100 | D46: 100 | E46: 5 | F46: 5 | G46: FEMALE DIE — Fine-blanking die | H46: ='Tool blocks'!E246 -> 1 | I46: =IF(H46=0,"Purchased assembly",IF(T46="Round billet","Ø"&M46&" × "&J46,J46&" × "&K46&" × "&L46)) -> 170 × 170 × 60 | J46: ='Tool blocks'!X246 -> 170 | K46: ='Tool blocks'!Y246 -> 170 | L46: ='Tool blocks'!Z246 -> 60 | M46: ="n.a." -> n.a. | N46: 100 | O46: 100 | P46: 5 | Q46: 100 | R46: 5 | S46: 0.2 | T46: Rectangular block | U46: DC04 steel, qualified for fine blanking | V46: Working components only. Triple-action guidance, backing and press interfaces are additional.
A47: Fine blanking | B47: Flat disc: Ø100 × thickness 5; hole Ø20 | C47: 100 | D47: 100 | E47: 5 | F47: 5 | G47: MALE COUNTERPUNCH — Counterpunch | H47: ='Tool blocks'!E247 -> 1 | I47: =IF(H47=0,"Purchased assembly",IF(T47="Round billet","Ø"&M47&" × "&J47,J47&" × "&K47&" × "&L47)) -> Ø110 × 70 | J47: ='Tool blocks'!Z247 -> 70 | K47: ="n.a." -> n.a. | L47: ="n.a." -> n.a. | M47: ='Tool blocks'!X247 -> 110 | N47: 100 | O47: 100 | P47: 5 | Q47: 100 | R47: 5 | S47: 0.2 | T47: Round billet | U47: DC04 steel, qualified for fine blanking | V47: Working components only. Triple-action guidance, backing and press interfaces are additional.
A48: Fine blanking | B48: Flat disc: Ø100 × thickness 5; hole Ø20 | C48: 100 | D48: 100 | E48: 5 | F48: 5 | G48: MALE PIN — Hole punch | H48: ='Tool blocks'!E248 -> 1 | I48: =IF(H48=0,"Purchased assembly",IF(T48="Round billet","Ø"&M48&" × "&J48,J48&" × "&K48&" × "&L48)) -> Ø30 × 80 | J48: ='Tool blocks'!Z248 -> 80 | K48: ="n.a." -> n.a. | L48: ="n.a." -> n.a. | M48: ='Tool blocks'!X248 -> 30 | N48: 100 | O48: 100 | P48: 5 | Q48: 100 | R48: 5 | S48: 0.2 | T48: Round billet | U48: DC04 steel, qualified for fine blanking | V48: Working components only. Triple-action guidance, backing and press interfaces are additional.
A49: Fine blanking | B49: Flat disc: Ø100 × thickness 5; hole Ø20 | C49: 100 | D49: 100 | E49: 5 | F49: 5 | G49: V-RING HOLDER — V-ring holder | H49: ='Tool blocks'!E249 -> 1 | I49: =IF(H49=0,"Purchased assembly",IF(T49="Round billet","Ø"&M49&" × "&J49,J49&" × "&K49&" × "&L49)) -> 180 × 180 × 50 | J49: ='Tool blocks'!X249 -> 180 | K49: ='Tool blocks'!Y249 -> 180 | L49: ='Tool blocks'!Z249 -> 50 | M49: ="n.a." -> n.a. | N49: 100 | O49: 100 | P49: 5 | Q49: 100 | R49: 5 | S49: 0.2 | T49: Rectangular block | U49: DC04 steel, qualified for fine blanking | V49: Working components only. Triple-action guidance, backing and press interfaces are additional.
A50: Progressive die stamping | B50: U-bracket: 60 × 40 × 20; sheet 1; holes Ø6 | C50: 60 | D50: 40 | E50: 20 | F50: 1 | G50: SUPPORT — Upper tool carrier | H50: ='Tool blocks'!E275 -> 1 | I50: =IF(H50=0,"Purchased assembly",IF(T50="Round billet","Ø"&M50&" × "&J50,J50&" × "&K50&" × "&L50)) -> 370 × 200 × 50 | J50: ='Tool blocks'!X275 -> 370 | K50: ='Tool blocks'!Y275 -> 200 | L50: ='Tool blocks'!Z275 -> 50 | M50: ="n.a." -> n.a. | N50: 60 | O50: 40 | P50: 20 | Q50: n.a. | R50: 1 | S50: 0.1 | T50: Rectangular block | U50: DC01 steel | V50: Assume 4 stations, 70 mm pitch and 110 mm strip envelope. Flat blank and sequence must be finalized.
A51: Progressive die stamping | B51: U-bracket: 60 × 40 × 20; sheet 1; holes Ø6 | C51: 60 | D51: 40 | E51: 20 | F51: 1 | G51: SUPPORT — Lower die carrier | H51: ='Tool blocks'!E276 -> 1 | I51: =IF(H51=0,"Purchased assembly",IF(T51="Round billet","Ø"&M51&" × "&J51,J51&" × "&K51&" × "&L51)) -> 370 × 200 × 60 | J51: ='Tool blocks'!X276 -> 370 | K51: ='Tool blocks'!Y276 -> 200 | L51: ='Tool blocks'!Z276 -> 60 | M51: ="n.a." -> n.a. | N51: 60 | O51: 40 | P51: 20 | Q51: n.a. | R51: 1 | S51: 0.1 | T51: Rectangular block | U51: DC01 steel | V51: Assume 4 stations, 70 mm pitch and 110 mm strip envelope. Flat blank and sequence must be finalized.
A52: Progressive die stamping | B52: U-bracket: 60 × 40 × 20; sheet 1; holes Ø6 | C52: 60 | D52: 40 | E52: 20 | F52: 1 | G52: MALE — Blanking / trimming punch | H52: ='Tool blocks'!E277 -> 1 | I52: =IF(H52=0,"Purchased assembly",IF(T52="Round billet","Ø"&M52&" × "&J52,J52&" × "&K52&" × "&L52)) -> 80 × 100 × 60 | J52: ='Tool blocks'!X277 -> 80 | K52: ='Tool blocks'!Y277 -> 100 | L52: ='Tool blocks'!Z277 -> 60 | M52: ="n.a." -> n.a. | N52: 60 | O52: 40 | P52: 20 | Q52: n.a. | R52: 1 | S52: 0.1 | T52: Rectangular block | U52: DC01 steel | V52: Assume 4 stations, 70 mm pitch and 110 mm strip envelope. Flat blank and sequence must be finalized.
A53: Progressive die stamping | B53: U-bracket: 60 × 40 × 20; sheet 1; holes Ø6 | C53: 60 | D53: 40 | E53: 20 | F53: 1 | G53: FEMALE DIE — Blanking / trimming die insert | H53: ='Tool blocks'!E278 -> 1 | I53: =IF(H53=0,"Purchased assembly",IF(T53="Round billet","Ø"&M53&" × "&J53,J53&" × "&K53&" × "&L53)) -> 100 × 120 × 40 | J53: ='Tool blocks'!X278 -> 100 | K53: ='Tool blocks'!Y278 -> 120 | L53: ='Tool blocks'!Z278 -> 40 | M53: ="n.a." -> n.a. | N53: 60 | O53: 40 | P53: 20 | Q53: n.a. | R53: 1 | S53: 0.1 | T53: Rectangular block | U53: DC01 steel | V53: Assume 4 stations, 70 mm pitch and 110 mm strip envelope. Flat blank and sequence must be finalized.
A54: Progressive die stamping | B54: U-bracket: 60 × 40 × 20; sheet 1; holes Ø6 | C54: 60 | D54: 40 | E54: 20 | F54: 1 | G54: MALE — Bending punch | H54: ='Tool blocks'!E279 -> 2 | I54: =IF(H54=0,"Purchased assembly",IF(T54="Round billet","Ø"&M54&" × "&J54,J54&" × "&K54&" × "&L54)) -> 80 × 60 × 60 | J54: ='Tool blocks'!X279 -> 80 | K54: ='Tool blocks'!Y279 -> 60 | L54: ='Tool blocks'!Z279 -> 60 | M54: ="n.a." -> n.a. | N54: 60 | O54: 40 | P54: 20 | Q54: n.a. | R54: 1 | S54: 0.2 | T54: Rectangular block | U54: DC01 steel | V54: Assume 4 stations, 70 mm pitch and 110 mm strip envelope. Flat blank and sequence must be finalized.
A55: Progressive die stamping | B55: U-bracket: 60 × 40 × 20; sheet 1; holes Ø6 | C55: 60 | D55: 40 | E55: 20 | F55: 1 | G55: FEMALE DIE — Bending die insert | H55: ='Tool blocks'!E280 -> 2 | I55: =IF(H55=0,"Purchased assembly",IF(T55="Round billet","Ø"&M55&" × "&J55,J55&" × "&K55&" × "&L55)) -> 90 × 70 × 50 | J55: ='Tool blocks'!X280 -> 90 | K55: ='Tool blocks'!Y280 -> 70 | L55: ='Tool blocks'!Z280 -> 50 | M55: ="n.a." -> n.a. | N55: 60 | O55: 40 | P55: 20 | Q55: n.a. | R55: 1 | S55: 0.2 | T55: Rectangular block | U55: DC01 steel | V55: Assume 4 stations, 70 mm pitch and 110 mm strip envelope. Flat blank and sequence must be finalized.
A56: Progressive die stamping | B56: U-bracket: 60 × 40 × 20; sheet 1; holes Ø6 | C56: 60 | D56: 40 | E56: 20 | F56: 1 | G56: MALE PIN — Piercing punch | H56: ='Tool blocks'!E281 -> 2 | I56: =IF(H56=0,"Purchased assembly",IF(T56="Round billet","Ø"&M56&" × "&J56,J56&" × "&K56&" × "&L56)) -> Ø8 × 62 | J56: ='Tool blocks'!Z281 -> 62 | K56: ="n.a." -> n.a. | L56: ="n.a." -> n.a. | M56: ='Tool blocks'!X281 -> 8 | N56: 60 | O56: 40 | P56: 20 | Q56: n.a. | R56: 1 | S56: 0.2 | T56: Round billet | U56: DC01 steel | V56: Assume 4 stations, 70 mm pitch and 110 mm strip envelope. Flat blank and sequence must be finalized.
A57: Tube hydroforming | B57: Tube: length 150; ends Ø30; center Ø40; initial wall 1.5 | C57: 150 | D57: 40 | E57: 40 | F57: 1.5 | G57: FEMALE — Hydroforming die half | H57: ='Tool blocks'!E317 -> 2 | I57: =IF(H57=0,"Purchased assembly",IF(T57="Round billet","Ø"&M57&" × "&J57,J57&" × "&K57&" × "&L57)) -> 240 × 130 × 70 | J57: ='Tool blocks'!X317 -> 240 | K57: ='Tool blocks'!Y317 -> 130 | L57: ='Tool blocks'!Z317 -> 70 | M57: ="n.a." -> n.a. | N57: 150 | O57: 40 | P57: 40 | Q57: 40 | R57: 1.5 | S57: 0.5 | T57: Rectangular block | U57: Formable low-carbon welded steel tube | V57: Blocks shown assume press backing. Pressure, axial-feed load and deflection must be validated.
A58: Tube hydroforming | B58: Tube: length 150; ends Ø30; center Ø40; initial wall 1.5 | C58: 150 | D58: 40 | E58: 40 | F58: 1.5 | G58: MALE END PUNCH — End sealing / feeding punch | H58: ='Tool blocks'!E318 -> 2 | I58: =IF(H58=0,"Purchased assembly",IF(T58="Round billet","Ø"&M58&" × "&J58,J58&" × "&K58&" × "&L58)) -> Ø40 × 110 | J58: ='Tool blocks'!Z318 -> 110 | K58: ="n.a." -> n.a. | L58: ="n.a." -> n.a. | M58: ='Tool blocks'!X318 -> 40 | N58: 150 | O58: 40 | P58: 40 | Q58: 40 | R58: 1.5 | S58: 0.5 | T58: Round billet | U58: Formable low-carbon welded steel tube | V58: Blocks shown assume press backing. Pressure, axial-feed load and deflection must be validated.
A59: Sheet hydroforming | B59: Open cup: 100 × 80 × 25; initial sheet 1 | C59: 100 | D59: 80 | E59: 25 | F59: 1 | G59: MALE — Hydromechanical forming punch | H59: ='Tool blocks'!E329 -> 1 | I59: =IF(H59=0,"Purchased assembly",IF(T59="Round billet","Ø"&M59&" × "&J59,J59&" × "&K59&" × "&L59)) -> 135 × 115 × 60 | J59: ='Tool blocks'!X329 -> 135 | K59: ='Tool blocks'!Y329 -> 115 | L59: ='Tool blocks'!Z329 -> 60 | M59: ="n.a." -> n.a. | N59: 100 | O59: 80 | P59: 25 | Q59: n.a. | R59: 1 | S59: 0.5 | T59: Rectangular block | U59: DC04 steel | V59: Pressure vessel/chamber is purchased and is not assigned an invented milling-block size.
A60: Sheet hydroforming | B60: Open cup: 100 × 80 × 25; initial sheet 1 | C60: 100 | D60: 80 | E60: 25 | F60: 1 | G60: BLANK HOLDER — Blank-holder ring | H60: ='Tool blocks'!E330 -> 1 | I60: =IF(H60=0,"Purchased assembly",IF(T60="Round billet","Ø"&M60&" × "&J60,J60&" × "&K60&" × "&L60)) -> 210 × 190 × 35 | J60: ='Tool blocks'!X330 -> 210 | K60: ='Tool blocks'!Y330 -> 190 | L60: ='Tool blocks'!Z330 -> 35 | M60: ="n.a." -> n.a. | N60: 100 | O60: 80 | P60: 25 | Q60: n.a. | R60: 1 | S60: 0.5 | T60: Rectangular block | U60: DC04 steel | V60: Pressure vessel/chamber is purchased and is not assigned an invented milling-block size.
A61: Sheet hydroforming | B61: Open cup: 100 × 80 × 25; initial sheet 1 | C61: 100 | D61: 80 | E61: 25 | F61: 1 | G61: FLUID CHAMBER — Rated fluid pressure chamber | H61: 0 | I61: =IF(H61=0,"Purchased assembly",IF(T61="Round billet","Ø"&M61&" × "&J61,J61&" × "&K61&" × "&L61)) -> Purchased assembly | J61: n.a. | K61: n.a. | L61: n.a. | M61: n.a. | N61: 100 | O61: 80 | P61: 25 | Q61: n.a. | R61: 1 | S61: 0 | T61: Purchased / no milled block | U61: DC04 steel | V61: Pressure vessel/chamber is purchased and is not assigned an invented milling-block size.
A62: Spinning | B62: Open hemisphere: Ø100 × depth 50; initial sheet 1.5 | C62: 100 | D62: 100 | E62: 50 | F62: 1.5 | G62: MALE — Hemispherical mandrel | H62: ='Tool blocks'!E347 -> 1 | I62: =IF(H62=0,"Purchased assembly",IF(T62="Round billet","Ø"&M62&" × "&J62,J62&" × "&K62&" × "&L62)) -> Ø105 × 105 | J62: ='Tool blocks'!Z347 -> 105 | K62: ="n.a." -> n.a. | L62: ="n.a." -> n.a. | M62: ='Tool blocks'!X347 -> 105 | N62: 100 | O62: 100 | P62: 50 | Q62: 100 | R62: 1.5 | S62: 0.5 | T62: Round billet | U62: EN AW-1050A aluminum | V62: Spindle attachment/tailstock interface remain machine-specific. Roller envelope is an assumed example.
A63: Spinning | B63: Open hemisphere: Ø100 × depth 50; initial sheet 1.5 | C63: 100 | D63: 100 | E63: 50 | F63: 1.5 | G63: ROLLER — Forming roller blank | H63: ='Tool blocks'!E348 -> 1 | I63: =IF(H63=0,"Purchased assembly",IF(T63="Round billet","Ø"&M63&" × "&J63,J63&" × "&K63&" × "&L63)) -> Ø90 × 35 | J63: ='Tool blocks'!Z348 -> 35 | K63: ="n.a." -> n.a. | L63: ="n.a." -> n.a. | M63: ='Tool blocks'!X348 -> 90 | N63: 100 | O63: 100 | P63: 50 | Q63: 100 | R63: 1.5 | S63: 0.5 | T63: Round billet | U63: EN AW-1050A aluminum | V63: Spindle attachment/tailstock interface remain machine-specific. Roller envelope is an assumed example.
A66: Rectangular block = length × width × thickness. Round billet = diameter × axial length. Full tool bases and machine services may be additional.

Sheet Tool blocks
A2: Concrete tooling blocks before machining
A4: Process | B4: Lifetime quantity | C4: Component to manufacture | D4: MALE / FEMALE / other | E4: Pieces per tool set | F4: RAW STOCK TO BUY — mm | G4: Reference part | H4: Finished-part dimensions | I4: Material for this block | J4: Heating / cooling | K4: Stock form | L4: Nominal working envelope L / OD (mm) | M4: Nominal working envelope W (mm) | N4: Nominal working depth / length (mm) | O4: Assumed linear tool enlargement | P4: Side / radial reserve X (mm) | Q4: Side reserve Y (mm) | R4: Backing / mounting reserve (mm) | S4: Machining allowance per face (mm) | T4: Stock rounding increment (mm) | U4: Finished body L / OD (mm) | V4: Finished body W (mm) | W4: Finished body depth / length (mm) | X4: Raw stock L / OD (mm) | Y4: Raw stock W (mm) | Z4: Raw stock depth / length (mm) | AA4: Unique record ID | AB4: What the sizing assumes
A5: Bending | B5: 1–20 | C5: Bending punch | D5: MALE | E5: 1 | F5: =IF(K5="Round billet","Ø"&X5&" × "&Z5,X5&" × "&Y5&" × "&Z5) -> 120 × 40 × 90 | G5: L-bracket | H5: 100 mm bend length; two 50 mm outside legs; sheet 2 mm; inside R3 | I5: ='Quantity grades'!G5 -> 42CrMo4 | J5: Cold process; normally no active cooling | K5: Rectangular block | L5: 100 | M5: 20 | N5: 60 | O5: 0 | P5: 5 | Q5: 5 | R5: 20 | S5: 3 | T5: 5 | U5: =L5*(1+O5)+2*P5 -> 110 | V5: =IF(K5="Round billet","",M5*(1+O5)+2*Q5) -> 30 | W5: =N5*(1+O5)+R5 -> 80 | X5: =ROUNDUP((U5+2*S5)/T5,0)*T5 -> 120 | Y5: =IF(K5="Round billet","",ROUNDUP((V5+2*S5)/T5,0)*T5) -> 40 | Z5: =ROUNDUP((W5+2*S5)/T5,0)*T5 -> 90 | AA5: P01-Q1-C01 | AB5: Illustrative punch-body section, not derived solely from sheet thickness. R3 nose and holder are machined into the envelope.
A6: Bending | B6: 1–20 | C6: V-die | D6: FEMALE DIE | E6: 1 | F6: =IF(K6="Round billet","Ø"&X6&" × "&Z6,X6&" × "&Y6&" × "&Z6) -> 120 × 50 × 45 | G6: L-bracket | H6: 100 mm bend length; two 50 mm outside legs; sheet 2 mm; inside R3 | I6: ='Quantity grades'!G5 -> 42CrMo4 | J6: Cold process; normally no active cooling | K6: Rectangular block | L6: 100 | M6: 16 | N6: 8 | O6: 0 | P6: 5 | Q6: 12 | R6: 27 | S6: 3 | T6: 5 | U6: =L6*(1+O6)+2*P6 -> 110 | V6: =IF(K6="Round billet","",M6*(1+O6)+2*Q6) -> 40 | W6: =N6*(1+O6)+R6 -> 35 | X6: =ROUNDUP((U6+2*S6)/T6,0)*T6 -> 120 | Y6: =IF(K6="Round billet","",ROUNDUP((V6+2*S6)/T6,0)*T6) -> 50 | Z6: =ROUNDUP((W6+2*S6)/T6,0)*T6 -> 45 | AA6: P01-Q1-C02 | AB6: Assumed V-opening 16 mm, 12 mm shoulder reserve each side and 35 mm total die height. Confirm bending load.
A7: Bending | B7: 21–100 | C7: Bending punch | D7: MALE | E7: 1 | F7: =IF(K7="Round billet","Ø"&X7&" × "&Z7,X7&" × "&Y7&" × "&Z7) -> 120 × 40 × 90 | G7: L-bracket | H7: 100 mm bend length; two 50 mm outside legs; sheet 2 mm; inside R3 | I7: ='Quantity grades'!G6 -> 42CrMo4 | J7: Cold process; normally no active cooling | K7: Rectangular block | L7: 100 | M7: 20 | N7: 60 | O7: 0 | P7: 5 | Q7: 5 | R7: 20 | S7: 3 | T7: 5 | U7: =L7*(1+O7)+2*P7 -> 110 | V7: =IF(K7="Round billet","",M7*(1+O7)+2*Q7) -> 30 | W7: =N7*(1+O7)+R7 -> 80 | X7: =ROUNDUP((U7+2*S7)/T7,0)*T7 -> 120 | Y7: =IF(K7="Round billet","",ROUNDUP((V7+2*S7)/T7,0)*T7) -> 40 | Z7: =ROUNDUP((W7+2*S7)/T7,0)*T7 -> 90 | AA7: P01-Q2-C01 | AB7: Illustrative punch-body section, not derived solely from sheet thickness. R3 nose and holder are machined into the envelope.
A8: Bending | B8: 21–100 | C8: V-die | D8: FEMALE DIE | E8: 1 | F8: =IF(K8="Round billet","Ø"&X8&" × "&Z8,X8&" × "&Y8&" × "&Z8) -> 120 × 50 × 45 | G8: L-bracket | H8: 100 mm bend length; two 50 mm outside legs; sheet 2 mm; inside R3 | I8: ='Quantity grades'!G6 -> 42CrMo4 | J8: Cold process; normally no active cooling | K8: Rectangular block | L8: 100 | M8: 16 | N8: 8 | O8: 0 | P8: 5 | Q8: 12 | R8: 27 | S8: 3 | T8: 5 | U8: =L8*(1+O8)+2*P8 -> 110 | V8: =IF(K8="Round billet","",M8*(1+O8)+2*Q8) -> 40 | W8: =N8*(1+O8)+R8 -> 35 | X8: =ROUNDUP((U8+2*S8)/T8,0)*T8 -> 120 | Y8: =IF(K8="Round billet","",ROUNDUP((V8+2*S8)/T8,0)*T8) -> 50 | Z8: =ROUNDUP((W8+2*S8)/T8,0)*T8 -> 45 | AA8: P01-Q2-C02 | AB8: Assumed V-opening 16 mm, 12 mm shoulder reserve each side and 35 mm total die height. Confirm bending load.
A9: Bending | B9: 101–1,000 | C9: Bending punch | D9: MALE | E9: 1 | F9: =IF(K9="Round billet","Ø"&X9&" × "&Z9,X9&" × "&Y9&" × "&Z9) -> 120 × 40 × 90 | G9: L-bracket | H9: 100 mm bend length; two 50 mm outside legs; sheet 2 mm; inside R3 | I9: ='Quantity grades'!G7 -> 42CrMo4 / A2 | J9: Cold process; normally no active cooling | K9: Rectangular block | L9: 100 | M9: 20 | N9: 60 | O9: 0 | P9: 5 | Q9: 5 | R9: 20 | S9: 3 | T9: 5 | U9: =L9*(1+O9)+2*P9 -> 110 | V9: =IF(K9="Round billet","",M9*(1+O9)+2*Q9) -> 30 | W9: =N9*(1+O9)+R9 -> 80 | X9: =ROUNDUP((U9+2*S9)/T9,0)*T9 -> 120 | Y9: =IF(K9="Round billet","",ROUNDUP((V9+2*S9)/T9,0)*T9) -> 40 | Z9: =ROUNDUP((W9+2*S9)/T9,0)*T9 -> 90 | AA9: P01-Q3-C01 | AB9: Illustrative punch-body section, not derived solely from sheet thickness. R3 nose and holder are machined into the envelope.
A10: Bending | B10: 101–1,000 | C10: V-die | D10: FEMALE DIE | E10: 1 | F10: =IF(K10="Round billet","Ø"&X10&" × "&Z10,X10&" × "&Y10&" × "&Z10) -> 120 × 50 × 45 | G10: L-bracket | H10: 100 mm bend length; two 50 mm outside legs; sheet 2 mm; inside R3 | I10: ='Quantity grades'!G7 -> 42CrMo4 / A2 | J10: Cold process; normally no active cooling | K10: Rectangular block | L10: 100 | M10: 16 | N10: 8 | O10: 0 | P10: 5 | Q10: 12 | R10: 27 | S10: 3 | T10: 5 | U10: =L10*(1+O10)+2*P10 -> 110 | V10: =IF(K10="Round billet","",M10*(1+O10)+2*Q10) -> 40 | W10: =N10*(1+O10)+R10 -> 35 | X10: =ROUNDUP((U10+2*S10)/T10,0)*T10 -> 120 | Y10: =IF(K10="Round billet","",ROUNDUP((V10+2*S10)/T10,0)*T10) -> 50 | Z10: =ROUNDUP((W10+2*S10)/T10,0)*T10 -> 45 | AA10: P01-Q3-C02 | AB10: Assumed V-opening 16 mm, 12 mm shoulder reserve each side and 35 mm total die height. Confirm bending load.
A11: Bending | B11: 1,001–10,000 | C11: Bending punch | D11: MALE | E11: 1 | F11: =IF(K11="Round billet","Ø"&X11&" × "&Z11,X11&" × "&Y11&" × "&Z11) -> 120 × 40 × 90 | G11: L-bracket | H11: 100 mm bend length; two 50 mm outside legs; sheet 2 mm; inside R3 | I11: ='Quantity grades'!G8 -> 42CrMo4 / A2 | J11: Cold process; normally no active cooling | K11: Rectangular block | L11: 100 | M11: 20 | N11: 60 | O11: 0 | P11: 5 | Q11: 5 | R11: 20 | S11: 3 | T11: 5 | U11: =L11*(1+O11)+2*P11 -> 110 | V11: =IF(K11="Round billet","",M11*(1+O11)+2*Q11) -> 30 | W11: =N11*(1+O11)+R11 -> 80 | X11: =ROUNDUP((U11+2*S11)/T11,0)*T11 -> 120 | Y11: =IF(K11="Round billet","",ROUNDUP((V11+2*S11)/T11,0)*T11) -> 40 | Z11: =ROUNDUP((W11+2*S11)/T11,0)*T11 -> 90 | AA11: P01-Q4-C01 | AB11: Illustrative punch-body section, not derived solely from sheet thickness. R3 nose and holder are machined into the envelope.
A12: Bending | B12: 1,001–10,000 | C12: V-die | D12: FEMALE DIE | E12: 1 | F12: =IF(K12="Round billet","Ø"&X12&" × "&Z12,X12&" × "&Y12&" × "&Z12) -> 120 × 50 × 45 | G12: L-bracket | H12: 100 mm bend length; two 50 mm outside legs; sheet 2 mm; inside R3 | I12: ='Quantity grades'!G8 -> 42CrMo4 / A2 | J12: Cold process; normally no active cooling | K12: Rectangular block | L12: 100 | M12: 16 | N12: 8 | O12: 0 | P12: 5 | Q12: 12 | R12: 27 | S12: 3 | T12: 5 | U12: =L12*(1+O12)+2*P12 -> 110 | V12: =IF(K12="Round billet","",M12*(1+O12)+2*Q12) -> 40 | W12: =N12*(1+O12)+R12 -> 35 | X12: =ROUNDUP((U12+2*S12)/T12,0)*T12 -> 120 | Y12: =IF(K12="Round billet","",ROUNDUP((V12+2*S12)/T12,0)*T12) -> 50 | Z12: =ROUNDUP((W12+2*S12)/T12,0)*T12 -> 45 | AA12: P01-Q4-C02 | AB12: Assumed V-opening 16 mm, 12 mm shoulder reserve each side and 35 mm total die height. Confirm bending load.
A13: Bending | B13: 10,001–100,000 | C13: Bending punch | D13: MALE | E13: 1 | F13: =IF(K13="Round billet","Ø"&X13&" × "&Z13,X13&" × "&Y13&" × "&Z13) -> 120 × 40 × 90 | G13: L-bracket | H13: 100 mm bend length; two 50 mm outside legs; sheet 2 mm; inside R3 | I13: ='Quantity grades'!G9 -> A2; D2 where wear dominates | J13: Cold process; normally no active cooling | K13: Rectangular block | L13: 100 | M13: 20 | N13: 60 | O13: 0 | P13: 5 | Q13: 5 | R13: 20 | S13: 3 | T13: 5 | U13: =L13*(1+O13)+2*P13 -> 110 | V13: =IF(K13="Round billet","",M13*(1+O13)+2*Q13) -> 30 | W13: =N13*(1+O13)+R13 -> 80 | X13: =ROUNDUP((U13+2*S13)/T13,0)*T13 -> 120 | Y13: =IF(K13="Round billet","",ROUNDUP((V13+2*S13)/T13,0)*T13) -> 40 | Z13: =ROUNDUP((W13+2*S13)/T13,0)*T13 -> 90 | AA13: P01-Q5-C01 | AB13: Illustrative punch-body section, not derived solely from sheet thickness. R3 nose and holder are machined into the envelope.
A14: Bending | B14: 10,001–100,000 | C14: V-die | D14: FEMALE DIE | E14: 1 | F14: =IF(K14="Round billet","Ø"&X14&" × "&Z14,X14&" × "&Y14&" × "&Z14) -> 120 × 50 × 45 | G14: L-bracket | H14: 100 mm bend length; two 50 mm outside legs; sheet 2 mm; inside R3 | I14: ='Quantity grades'!G9 -> A2; D2 where wear dominates | J14: Cold process; normally no active cooling | K14: Rectangular block | L14: 100 | M14: 16 | N14: 8 | O14: 0 | P14: 5 | Q14: 12 | R14: 27 | S14: 3 | T14: 5 | U14: =L14*(1+O14)+2*P14 -> 110 | V14: =IF(K14="Round billet","",M14*(1+O14)+2*Q14) -> 40 | W14: =N14*(1+O14)+R14 -> 35 | X14: =ROUNDUP((U14+2*S14)/T14,0)*T14 -> 120 | Y14: =IF(K14="Round billet","",ROUNDUP((V14+2*S14)/T14,0)*T14) -> 50 | Z14: =ROUNDUP((W14+2*S14)/T14,0)*T14 -> 45 | AA14: P01-Q5-C02 | AB14: Assumed V-opening 16 mm, 12 mm shoulder reserve each side and 35 mm total die height. Confirm bending load.
A15: Bending | B15: Above 100,000 | C15: Bending punch | D15: MALE | E15: 1 | F15: =IF(K15="Round billet","Ø"&X15&" × "&Z15,X15&" × "&Y15&" × "&Z15) -> 120 × 40 × 90 | G15: L-bracket | H15: 100 mm bend length; two 50 mm outside legs; sheet 2 mm; inside R3 | I15: ='Quantity grades'!G10 -> A2 / premium cold-work steel | J15: Cold process; normally no active cooling | K15: Rectangular block | L15: 100 | M15: 20 | N15: 60 | O15: 0 | P15: 5 | Q15: 5 | R15: 20 | S15: 3 | T15: 5 | U15: =L15*(1+O15)+2*P15 -> 110 | V15: =IF(K15="Round billet","",M15*(1+O15)+2*Q15) -> 30 | W15: =N15*(1+O15)+R15 -> 80 | X15: =ROUNDUP((U15+2*S15)/T15,0)*T15 -> 120 | Y15: =IF(K15="Round billet","",ROUNDUP((V15+2*S15)/T15,0)*T15) -> 40 | Z15: =ROUNDUP((W15+2*S15)/T15,0)*T15 -> 90 | AA15: P01-Q6-C01 | AB15: Illustrative punch-body section, not derived solely from sheet thickness. R3 nose and holder are machined into the envelope.
A16: Bending | B16: Above 100,000 | C16: V-die | D16: FEMALE DIE | E16: 1 | F16: =IF(K16="Round billet","Ø"&X16&" × "&Z16,X16&" × "&Y16&" × "&Z16) -> 120 × 50 × 45 | G16: L-bracket | H16: 100 mm bend length; two 50 mm outside legs; sheet 2 mm; inside R3 | I16: ='Quantity grades'!G10 -> A2 / premium cold-work steel | J16: Cold process; normally no active cooling | K16: Rectangular block | L16: 100 | M16: 16 | N16: 8 | O16: 0 | P16: 5 | Q16: 12 | R16: 27 | S16: 3 | T16: 5 | U16: =L16*(1+O16)+2*P16 -> 110 | V16: =IF(K16="Round billet","",M16*(1+O16)+2*Q16) -> 40 | W16: =N16*(1+O16)+R16 -> 35 | X16: =ROUNDUP((U16+2*S16)/T16,0)*T16 -> 120 | Y16: =IF(K16="Round billet","",ROUNDUP((V16+2*S16)/T16,0)*T16) -> 50 | Z16: =ROUNDUP((W16+2*S16)/T16,0)*T16 -> 45 | AA16: P01-Q6-C02 | AB16: Assumed V-opening 16 mm, 12 mm shoulder reserve each side and 35 mm total die height. Confirm bending load.
A17: Metal extrusion | B17: 1–20 | C17: Profile die disk | D17: FEMALE DIE | E17: 1 | F17: =IF(K17="Round billet","Ø"&X17&" × "&Z17,X17&" × "&Y17&" × "&Z17) -> Ø190 × 70 | G17: Hollow square extrusion | H17: 40 × 40 mm outside; wall 3 mm; cut length 1,000 mm | I17: ='Quantity grades'!G11 -> H13 | J17: Hot die/billet; nitrided working surfaces; process-specific temperature control | K17: Round billet | L17: 57 | M17: 57 | N17: 20 | O17: 0 | P17: 61.5 | Q17: 61.5 | R17: 40 | S17: 3 | T17: 5 | U17: =L17*(1+O17)+2*P17 -> 180 | V17: =IF(K17="Round billet","",M17*(1+O17)+2*Q17) | W17: =N17*(1+O17)+R17 -> 60 | X17: =ROUNDUP((U17+2*S17)/T17,0)*T17 -> 190 | Y17: =IF(K17="Round billet","",ROUNDUP((V17+2*S17)/T17,0)*T17) | Z17: =ROUNDUP((W17+2*S17)/T17,0)*T17 -> 70 | AA17: P02-Q1-C01 | AB17: 57 mm circumscribed profile envelope. Assumed finished die OD180 × 60 mm; pressure and bearing design unvalidated.
A18: Metal extrusion | B18: 1–20 | C18: Bridge plate with integral mandrel | D18: MALE / BRIDGE | E18: 1 | F18: =IF(K18="Round billet","Ø"&X18&" × "&Z18,X18&" × "&Y18&" × "&Z18) -> Ø190 × 70 | G18: Hollow square extrusion | H18: 40 × 40 mm outside; wall 3 mm; cut length 1,000 mm | I18: ='Quantity grades'!G11 -> H13 | J18: Hot die/billet; nitrided working surfaces; process-specific temperature control | K18: Round billet | L18: 57 | M18: 57 | N18: 20 | O18: 0 | P18: 61.5 | Q18: 61.5 | R18: 40 | S18: 3 | T18: 5 | U18: =L18*(1+O18)+2*P18 -> 180 | V18: =IF(K18="Round billet","",M18*(1+O18)+2*Q18) | W18: =N18*(1+O18)+R18 -> 60 | X18: =ROUNDUP((U18+2*S18)/T18,0)*T18 -> 190 | Y18: =IF(K18="Round billet","",ROUNDUP((V18+2*S18)/T18,0)*T18) | Z18: =ROUNDUP((W18+2*S18)/T18,0)*T18 -> 70 | AA18: P02-Q1-C02 | AB18: Hollow profile requires bridge-supported internal mandrel; bridges/ports must be sized for extrusion pressure.
A19: Metal extrusion | B19: 1–20 | C19: Die backer | D19: SUPPORT | E19: 1 | F19: =IF(K19="Round billet","Ø"&X19&" × "&Z19,X19&" × "&Y19&" × "&Z19) -> Ø190 × 50 | G19: Hollow square extrusion | H19: 40 × 40 mm outside; wall 3 mm; cut length 1,000 mm | I19: 42CrMo4 or supplier-rated backing grade | J19: Hot die/billet; nitrided working surfaces; process-specific temperature control | K19: Round billet | L19: 180 | M19: 180 | N19: 40 | O19: 0 | P19: 0 | Q19: 0 | R19: 0 | S19: 3 | T19: 5 | U19: =L19*(1+O19)+2*P19 -> 180 | V19: =IF(K19="Round billet","",M19*(1+O19)+2*Q19) | W19: =N19*(1+O19)+R19 -> 40 | X19: =ROUNDUP((U19+2*S19)/T19,0)*T19 -> 190 | Y19: =IF(K19="Round billet","",ROUNDUP((V19+2*S19)/T19,0)*T19) | Z19: =ROUNDUP((W19+2*S19)/T19,0)*T19 -> 50 | AA19: P02-Q1-C03 | AB19: Assumed finished Ø180 × 40 mm; actual support design required.
A20: Metal extrusion | B20: 21–100 | C20: Profile die disk | D20: FEMALE DIE | E20: 1 | F20: =IF(K20="Round billet","Ø"&X20&" × "&Z20,X20&" × "&Y20&" × "&Z20) -> Ø190 × 70 | G20: Hollow square extrusion | H20: 40 × 40 mm outside; wall 3 mm; cut length 1,000 mm | I20: ='Quantity grades'!G12 -> H13 | J20: Hot die/billet; nitrided working surfaces; process-specific temperature control | K20: Round billet | L20: 57 | M20: 57 | N20: 20 | O20: 0 | P20: 61.5 | Q20: 61.5 | R20: 40 | S20: 3 | T20: 5 | U20: =L20*(1+O20)+2*P20 -> 180 | V20: =IF(K20="Round billet","",M20*(1+O20)+2*Q20) | W20: =N20*(1+O20)+R20 -> 60 | X20: =ROUNDUP((U20+2*S20)/T20,0)*T20 -> 190 | Y20: =IF(K20="Round billet","",ROUNDUP((V20+2*S20)/T20,0)*T20) | Z20: =ROUNDUP((W20+2*S20)/T20,0)*T20 -> 70 | AA20: P02-Q2-C01 | AB20: 57 mm circumscribed profile envelope. Assumed finished die OD180 × 60 mm; pressure and bearing design unvalidated.
A21: Metal extrusion | B21: 21–100 | C21: Bridge plate with integral mandrel | D21: MALE / BRIDGE | E21: 1 | F21: =IF(K21="Round billet","Ø"&X21&" × "&Z21,X21&" × "&Y21&" × "&Z21) -> Ø190 × 70 | G21: Hollow square extrusion | H21: 40 × 40 mm outside; wall 3 mm; cut length 1,000 mm | I21: ='Quantity grades'!G12 -> H13 | J21: Hot die/billet; nitrided working surfaces; process-specific temperature control | K21: Round billet | L21: 57 | M21: 57 | N21: 20 | O21: 0 | P21: 61.5 | Q21: 61.5 | R21: 40 | S21: 3 | T21: 5 | U21: =L21*(1+O21)+2*P21 -> 180 | V21: =IF(K21="Round billet","",M21*(1+O21)+2*Q21) | W21: =N21*(1+O21)+R21 -> 60 | X21: =ROUNDUP((U21+2*S21)/T21,0)*T21 -> 190 | Y21: =IF(K21="Round billet","",ROUNDUP((V21+2*S21)/T21,0)*T21) | Z21: =ROUNDUP((W21+2*S21)/T21,0)*T21 -> 70 | AA21: P02-Q2-C02 | AB21: Hollow profile requires bridge-supported internal mandrel; bridges/ports must be sized for extrusion pressure.
A22: Metal extrusion | B22: 21–100 | C22: Die backer | D22: SUPPORT | E22: 1 | F22: =IF(K22="Round billet","Ø"&X22&" × "&Z22,X22&" × "&Y22&" × "&Z22) -> Ø190 × 50 | G22: Hollow square extrusion | H22: 40 × 40 mm outside; wall 3 mm; cut length 1,000 mm | I22: 42CrMo4 or supplier-rated backing grade | J22: Hot die/billet; nitrided working surfaces; process-specific temperature control | K22: Round billet | L22: 180 | M22: 180 | N22: 40 | O22: 0 | P22: 0 | Q22: 0 | R22: 0 | S22: 3 | T22: 5 | U22: =L22*(1+O22)+2*P22 -> 180 | V22: =IF(K22="Round billet","",M22*(1+O22)+2*Q22) | W22: =N22*(1+O22)+R22 -> 40 | X22: =ROUNDUP((U22+2*S22)/T22,0)*T22 -> 190 | Y22: =IF(K22="Round billet","",ROUNDUP((V22+2*S22)/T22,0)*T22) | Z22: =ROUNDUP((W22+2*S22)/T22,0)*T22 -> 50 | AA22: P02-Q2-C03 | AB22: Assumed finished Ø180 × 40 mm; actual support design required.
A23: Metal extrusion | B23: 101–1,000 | C23: Profile die disk | D23: FEMALE DIE | E23: 1 | F23: =IF(K23="Round billet","Ø"&X23&" × "&Z23,X23&" × "&Y23&" × "&Z23) -> Ø190 × 70 | G23: Hollow square extrusion | H23: 40 × 40 mm outside; wall 3 mm; cut length 1,000 mm | I23: ='Quantity grades'!G13 -> H13 | J23: Hot die/billet; nitrided working surfaces; process-specific temperature control | K23: Round billet | L23: 57 | M23: 57 | N23: 20 | O23: 0 | P23: 61.5 | Q23: 61.5 | R23: 40 | S23: 3 | T23: 5 | U23: =L23*(1+O23)+2*P23 -> 180 | V23: =IF(K23="Round billet","",M23*(1+O23)+2*Q23) | W23: =N23*(1+O23)+R23 -> 60 | X23: =ROUNDUP((U23+2*S23)/T23,0)*T23 -> 190 | Y23: =IF(K23="Round billet","",ROUNDUP((V23+2*S23)/T23,0)*T23) | Z23: =ROUNDUP((W23+2*S23)/T23,0)*T23 -> 70 | AA23: P02-Q3-C01 | AB23: 57 mm circumscribed profile envelope. Assumed finished die OD180 × 60 mm; pressure and bearing design unvalidated.
A24: Metal extrusion | B24: 101–1,000 | C24: Bridge plate with integral mandrel | D24: MALE / BRIDGE | E24: 1 | F24: =IF(K24="Round billet","Ø"&X24&" × "&Z24,X24&" × "&Y24&" × "&Z24) -> Ø190 × 70 | G24: Hollow square extrusion | H24: 40 × 40 mm outside; wall 3 mm; cut length 1,000 mm | I24: ='Quantity grades'!G13 -> H13 | J24: Hot die/billet; nitrided working surfaces; process-specific temperature control | K24: Round billet | L24: 57 | M24: 57 | N24: 20 | O24: 0 | P24: 61.5 | Q24: 61.5 | R24: 40 | S24: 3 | T24: 5 | U24: =L24*(1+O24)+2*P24 -> 180 | V24: =IF(K24="Round billet","",M24*(1+O24)+2*Q24) | W24: =N24*(1+O24)+R24 -> 60 | X24: =ROUNDUP((U24+2*S24)/T24,0)*T24 -> 190 | Y24: =IF(K24="Round billet","",ROUNDUP((V24+2*S24)/T24,0)*T24) | Z24: =ROUNDUP((W24+2*S24)/T24,0)*T24 -> 70 | AA24: P02-Q3-C02 | AB24: Hollow profile requires bridge-supported internal mandrel; bridges/ports must be sized for extrusion pressure.
A25: Metal extrusion | B25: 101–1,000 | C25: Die backer | D25: SUPPORT | E25: 1 | F25: =IF(K25="Round billet","Ø"&X25&" × "&Z25,X25&" × "&Y25&" × "&Z25) -> Ø190 × 50 | G25: Hollow square extrusion | H25: 40 × 40 mm outside; wall 3 mm; cut length 1,000 mm | I25: 42CrMo4 or supplier-rated backing grade | J25: Hot die/billet; nitrided working surfaces; process-specific temperature control | K25: Round billet | L25: 180 | M25: 180 | N25: 40 | O25: 0 | P25: 0 | Q25: 0 | R25: 0 | S25: 3 | T25: 5 | U25: =L25*(1+O25)+2*P25 -> 180 | V25: =IF(K25="Round billet","",M25*(1+O25)+2*Q25) | W25: =N25*(1+O25)+R25 -> 40 | X25: =ROUNDUP((U25+2*S25)/T25,0)*T25 -> 190 | Y25: =IF(K25="Round billet","",ROUNDUP((V25+2*S25)/T25,0)*T25) | Z25: =ROUNDUP((W25+2*S25)/T25,0)*T25 -> 50 | AA25: P02-Q3-C03 | AB25: Assumed finished Ø180 × 40 mm; actual support design required.
A26: Metal extrusion | B26: 1,001–10,000 | C26: Profile die disk | D26: FEMALE DIE | E26: 1 | F26: =IF(K26="Round billet","Ø"&X26&" × "&Z26,X26&" × "&Y26&" × "&Z26) -> Ø190 × 70 | G26: Hollow square extrusion | H26: 40 × 40 mm outside; wall 3 mm; cut length 1,000 mm | I26: ='Quantity grades'!G14 -> H13 | J26: Hot die/billet; nitrided working surfaces; process-specific temperature control | K26: Round billet | L26: 57 | M26: 57 | N26: 20 | O26: 0 | P26: 61.5 | Q26: 61.5 | R26: 40 | S26: 3 | T26: 5 | U26: =L26*(1+O26)+2*P26 -> 180 | V26: =IF(K26="Round billet","",M26*(1+O26)+2*Q26) | W26: =N26*(1+O26)+R26 -> 60 | X26: =ROUNDUP((U26+2*S26)/T26,0)*T26 -> 190 | Y26: =IF(K26="Round billet","",ROUNDUP((V26+2*S26)/T26,0)*T26) | Z26: =ROUNDUP((W26+2*S26)/T26,0)*T26 -> 70 | AA26: P02-Q4-C01 | AB26: 57 mm circumscribed profile envelope. Assumed finished die OD180 × 60 mm; pressure and bearing design unvalidated.
A27: Metal extrusion | B27: 1,001–10,000 | C27: Bridge plate with integral mandrel | D27: MALE / BRIDGE | E27: 1 | F27: =IF(K27="Round billet","Ø"&X27&" × "&Z27,X27&" × "&Y27&" × "&Z27) -> Ø190 × 70 | G27: Hollow square extrusion | H27: 40 × 40 mm outside; wall 3 mm; cut length 1,000 mm | I27: ='Quantity grades'!G14 -> H13 | J27: Hot die/billet; nitrided working surfaces; process-specific temperature control | K27: Round billet | L27: 57 | M27: 57 | N27: 20 | O27: 0 | P27: 61.5 | Q27: 61.5 | R27: 40 | S27: 3 | T27: 5 | U27: =L27*(1+O27)+2*P27 -> 180 | V27: =IF(K27="Round billet","",M27*(1+O27)+2*Q27) | W27: =N27*(1+O27)+R27 -> 60 | X27: =ROUNDUP((U27+2*S27)/T27,0)*T27 -> 190 | Y27: =IF(K27="Round billet","",ROUNDUP((V27+2*S27)/T27,0)*T27) | Z27: =ROUNDUP((W27+2*S27)/T27,0)*T27 -> 70 | AA27: P02-Q4-C02 | AB27: Hollow profile requires bridge-supported internal mandrel; bridges/ports must be sized for extrusion pressure.
A28: Metal extrusion | B28: 1,001–10,000 | C28: Die backer | D28: SUPPORT | E28: 1 | F28: =IF(K28="Round billet","Ø"&X28&" × "&Z28,X28&" × "&Y28&" × "&Z28) -> Ø190 × 50 | G28: Hollow square extrusion | H28: 40 × 40 mm outside; wall 3 mm; cut length 1,000 mm | I28: 42CrMo4 or supplier-rated backing grade | J28: Hot die/billet; nitrided working surfaces; process-specific temperature control | K28: Round billet | L28: 180 | M28: 180 | N28: 40 | O28: 0 | P28: 0 | Q28: 0 | R28: 0 | S28: 3 | T28: 5 | U28: =L28*(1+O28)+2*P28 -> 180 | V28: =IF(K28="Round billet","",M28*(1+O28)+2*Q28) | W28: =N28*(1+O28)+R28 -> 40 | X28: =ROUNDUP((U28+2*S28)/T28,0)*T28 -> 190 | Y28: =IF(K28="Round billet","",ROUNDUP((V28+2*S28)/T28,0)*T28) | Z28: =ROUNDUP((W28+2*S28)/T28,0)*T28 -> 50 | AA28: P02-Q4-C03 | AB28: Assumed finished Ø180 × 40 mm; actual support design required.
A29: Metal extrusion | B29: 10,001–100,000 | C29: Profile die disk | D29: FEMALE DIE | E29: 1 | F29: =IF(K29="Round billet","Ø"&X29&" × "&Z29,X29&" × "&Y29&" × "&Z29) -> Ø190 × 70 | G29: Hollow square extrusion | H29: 40 × 40 mm outside; wall 3 mm; cut length 1,000 mm | I29: ='Quantity grades'!G15 -> H13 / H13 ESR | J29: Hot die/billet; nitrided working surfaces; process-specific temperature control | K29: Round billet | L29: 57 | M29: 57 | N29: 20 | O29: 0 | P29: 61.5 | Q29: 61.5 | R29: 40 | S29: 3 | T29: 5 | U29: =L29*(1+O29)+2*P29 -> 180 | V29: =IF(K29="Round billet","",M29*(1+O29)+2*Q29) | W29: =N29*(1+O29)+R29 -> 60 | X29: =ROUNDUP((U29+2*S29)/T29,0)*T29 -> 190 | Y29: =IF(K29="Round billet","",ROUNDUP((V29+2*S29)/T29,0)*T29) | Z29: =ROUNDUP((W29+2*S29)/T29,0)*T29 -> 70 | AA29: P02-Q5-C01 | AB29: 57 mm circumscribed profile envelope. Assumed finished die OD180 × 60 mm; pressure and bearing design unvalidated.
A30: Metal extrusion | B30: 10,001–100,000 | C30: Bridge plate with integral mandrel | D30: MALE / BRIDGE | E30: 1 | F30: =IF(K30="Round billet","Ø"&X30&" × "&Z30,X30&" × "&Y30&" × "&Z30) -> Ø190 × 70 | G30: Hollow square extrusion | H30: 40 × 40 mm outside; wall 3 mm; cut length 1,000 mm | I30: ='Quantity grades'!G15 -> H13 / H13 ESR | J30: Hot die/billet; nitrided working surfaces; process-specific temperature control | K30: Round billet | L30: 57 | M30: 57 | N30: 20 | O30: 0 | P30: 61.5 | Q30: 61.5 | R30: 40 | S30: 3 | T30: 5 | U30: =L30*(1+O30)+2*P30 -> 180 | V30: =IF(K30="Round billet","",M30*(1+O30)+2*Q30) | W30: =N30*(1+O30)+R30 -> 60 | X30: =ROUNDUP((U30+2*S30)/T30,0)*T30 -> 190 | Y30: =IF(K30="Round billet","",ROUNDUP((V30+2*S30)/T30,0)*T30) | Z30: =ROUNDUP((W30+2*S30)/T30,0)*T30 -> 70 | AA30: P02-Q5-C02 | AB30: Hollow profile requires bridge-supported internal mandrel; bridges/ports must be sized for extrusion pressure.
A31: Metal extrusion | B31: 10,001–100,000 | C31: Die backer | D31: SUPPORT | E31: 1 | F31: =IF(K31="Round billet","Ø"&X31&" × "&Z31,X31&" × "&Y31&" × "&Z31) -> Ø190 × 50 | G31: Hollow square extrusion | H31: 40 × 40 mm outside; wall 3 mm; cut length 1,000 mm | I31: 42CrMo4 or supplier-rated backing grade | J31: Hot die/billet; nitrided working surfaces; process-specific temperature control | K31: Round billet | L31: 180 | M31: 180 | N31: 40 | O31: 0 | P31: 0 | Q31: 0 | R31: 0 | S31: 3 | T31: 5 | U31: =L31*(1+O31)+2*P31 -> 180 | V31: =IF(K31="Round billet","",M31*(1+O31)+2*Q31) | W31: =N31*(1+O31)+R31 -> 40 | X31: =ROUNDUP((U31+2*S31)/T31,0)*T31 -> 190 | Y31: =IF(K31="Round billet","",ROUNDUP((V31+2*S31)/T31,0)*T31) | Z31: =ROUNDUP((W31+2*S31)/T31,0)*T31 -> 50 | AA31: P02-Q5-C03 | AB31: Assumed finished Ø180 × 40 mm; actual support design required.
A32: Metal extrusion | B32: Above 100,000 | C32: Profile die disk | D32: FEMALE DIE | E32: 1 | F32: =IF(K32="Round billet","Ø"&X32&" × "&Z32,X32&" × "&Y32&" × "&Z32) -> Ø190 × 70 | G32: Hollow square extrusion | H32: 40 × 40 mm outside; wall 3 mm; cut length 1,000 mm | I32: ='Quantity grades'!G16 -> H13 ESR / specialist hot-work steel | J32: Hot die/billet; nitrided working surfaces; process-specific temperature control | K32: Round billet | L32: 57 | M32: 57 | N32: 20 | O32: 0 | P32: 61.5 | Q32: 61.5 | R32: 40 | S32: 3 | T32: 5 | U32: =L32*(1+O32)+2*P32 -> 180 | V32: =IF(K32="Round billet","",M32*(1+O32)+2*Q32) | W32: =N32*(1+O32)+R32 -> 60 | X32: =ROUNDUP((U32+2*S32)/T32,0)*T32 -> 190 | Y32: =IF(K32="Round billet","",ROUNDUP((V32+2*S32)/T32,0)*T32) | Z32: =ROUNDUP((W32+2*S32)/T32,0)*T32 -> 70 | AA32: P02-Q6-C01 | AB32: 57 mm circumscribed profile envelope. Assumed finished die OD180 × 60 mm; pressure and bearing design unvalidated.
A33: Metal extrusion | B33: Above 100,000 | C33: Bridge plate with integral mandrel | D33: MALE / BRIDGE | E33: 1 | F33: =IF(K33="Round billet","Ø"&X33&" × "&Z33,X33&" × "&Y33&" × "&Z33) -> Ø190 × 70 | G33: Hollow square extrusion | H33: 40 × 40 mm outside; wall 3 mm; cut length 1,000 mm | I33: ='Quantity grades'!G16 -> H13 ESR / specialist hot-work steel | J33: Hot die/billet; nitrided working surfaces; process-specific temperature control | K33: Round billet | L33: 57 | M33: 57 | N33: 20 | O33: 0 | P33: 61.5 | Q33: 61.5 | R33: 40 | S33: 3 | T33: 5 | U33: =L33*(1+O33)+2*P33 -> 180 | V33: =IF(K33="Round billet","",M33*(1+O33)+2*Q33) | W33: =N33*(1+O33)+R33 -> 60 | X33: =ROUNDUP((U33+2*S33)/T33,0)*T33 -> 190 | Y33: =IF(K33="Round billet","",ROUNDUP((V33+2*S33)/T33,0)*T33) | Z33: =ROUNDUP((W33+2*S33)/T33,0)*T33 -> 70 | AA33: P02-Q6-C02 | AB33: Hollow profile requires bridge-supported internal mandrel; bridges/ports must be sized for extrusion pressure.
A34: Metal extrusion | B34: Above 100,000 | C34: Die backer | D34: SUPPORT | E34: 1 | F34: =IF(K34="Round billet","Ø"&X34&" × "&Z34,X34&" × "&Y34&" × "&Z34) -> Ø190 × 50 | G34: Hollow square extrusion | H34: 40 × 40 mm outside; wall 3 mm; cut length 1,000 mm | I34: 42CrMo4 or supplier-rated backing grade | J34: Hot die/billet; nitrided working surfaces; process-specific temperature control | K34: Round billet | L34: 180 | M34: 180 | N34: 40 | O34: 0 | P34: 0 | Q34: 0 | R34: 0 | S34: 3 | T34: 5 | U34: =L34*(1+O34)+2*P34 -> 180 | V34: =IF(K34="Round billet","",M34*(1+O34)+2*Q34) | W34: =N34*(1+O34)+R34 -> 40 | X34: =ROUNDUP((U34+2*S34)/T34,0)*T34 -> 190 | Y34: =IF(K34="Round billet","",ROUNDUP((V34+2*S34)/T34,0)*T34) | Z34: =ROUNDUP((W34+2*S34)/T34,0)*T34 -> 50 | AA34: P02-Q6-C03 | AB34: Assumed finished Ø180 × 40 mm; actual support design required.
A35: Die casting | B35: 1–20 | C35: Outer hemisphere cavity | D35: FEMALE | E35: 1 | F35: =IF(K35="Round billet","Ø"&X35&" × "&Z35,X35&" × "&Y35&" × "&Z35) -> 190 × 190 × 100 | G35: Hemispherical shell | H35: Outside Ø100 mm; depth 50 mm; nominal wall 3 mm; open equator | I35: ='Quantity grades'!G17 -> H13 | J35: Die preheat; internal temperature-control circuits and external spray | K35: Rectangular block | L35: 100 | M35: 100 | N35: 50 | O35: 0.006 | P35: 40 | Q35: 40 | R35: 40 | S35: 3 | T35: 5 | U35: =L35*(1+O35)+2*P35 -> 180.6 | V35: =IF(K35="Round billet","",M35*(1+O35)+2*Q35) -> 180.6 | W35: =N35*(1+O35)+R35 -> 90.3 | X35: =ROUNDUP((U35+2*S35)/T35,0)*T35 -> 190 | Y35: =IF(K35="Round billet","",ROUNDUP((V35+2*S35)/T35,0)*T35) -> 190 | Z35: =ROUNDUP((W35+2*S35)/T35,0)*T35 -> 100 | AA35: P03-Q1-C01 | AB35: 40 mm peripheral reserve for support and local feed/cooling layout; exact features not yet laid out.
A36: Die casting | B36: 1–20 | C36: Inner hemisphere core | D36: MALE | E36: 1 | F36: =IF(K36="Round billet","Ø"&X36&" × "&Z36,X36&" × "&Y36&" × "&Z36) -> 175 × 175 × 90 | G36: Hemispherical shell | H36: Outside Ø100 mm; depth 50 mm; nominal wall 3 mm; open equator | I36: ='Quantity grades'!G17 -> H13 | J36: Die preheat; internal temperature-control circuits and external spray | K36: Rectangular block | L36: 94 | M36: 94 | N36: 47 | O36: 0.006 | P36: 35 | Q36: 35 | R36: 35 | S36: 3 | T36: 5 | U36: =L36*(1+O36)+2*P36 -> 164.564 | V36: =IF(K36="Round billet","",M36*(1+O36)+2*Q36) -> 164.564 | W36: =N36*(1+O36)+R36 -> 82.282 | X36: =ROUNDUP((U36+2*S36)/T36,0)*T36 -> 175 | Y36: =IF(K36="Round billet","",ROUNDUP((V36+2*S36)/T36,0)*T36) -> 175 | Z36: =ROUNDUP((W36+2*S36)/T36,0)*T36 -> 90 | AA36: P03-Q1-C02 | AB36: Inner hemisphere Ø94 mm, height 47 mm. Base/shutoff and ejector layout must be validated.
A37: Die casting | B37: 21–100 | C37: Outer hemisphere cavity | D37: FEMALE | E37: 1 | F37: =IF(K37="Round billet","Ø"&X37&" × "&Z37,X37&" × "&Y37&" × "&Z37) -> 190 × 190 × 100 | G37: Hemispherical shell | H37: Outside Ø100 mm; depth 50 mm; nominal wall 3 mm; open equator | I37: ='Quantity grades'!G18 -> H13 | J37: Die preheat; internal temperature-control circuits and external spray | K37: Rectangular block | L37: 100 | M37: 100 | N37: 50 | O37: 0.006 | P37: 40 | Q37: 40 | R37: 40 | S37: 3 | T37: 5 | U37: =L37*(1+O37)+2*P37 -> 180.6 | V37: =IF(K37="Round billet","",M37*(1+O37)+2*Q37) -> 180.6 | W37: =N37*(1+O37)+R37 -> 90.3 | X37: =ROUNDUP((U37+2*S37)/T37,0)*T37 -> 190 | Y37: =IF(K37="Round billet","",ROUNDUP((V37+2*S37)/T37,0)*T37) -> 190 | Z37: =ROUNDUP((W37+2*S37)/T37,0)*T37 -> 100 | AA37: P03-Q2-C01 | AB37: 40 mm peripheral reserve for support and local feed/cooling layout; exact features not yet laid out.
A38: Die casting | B38: 21–100 | C38: Inner hemisphere core | D38: MALE | E38: 1 | F38: =IF(K38="Round billet","Ø"&X38&" × "&Z38,X38&" × "&Y38&" × "&Z38) -> 175 × 175 × 90 | G38: Hemispherical shell | H38: Outside Ø100 mm; depth 50 mm; nominal wall 3 mm; open equator | I38: ='Quantity grades'!G18 -> H13 | J38: Die preheat; internal temperature-control circuits and external spray | K38: Rectangular block | L38: 94 | M38: 94 | N38: 47 | O38: 0.006 | P38: 35 | Q38: 35 | R38: 35 | S38: 3 | T38: 5 | U38: =L38*(1+O38)+2*P38 -> 164.564 | V38: =IF(K38="Round billet","",M38*(1+O38)+2*Q38) -> 164.564 | W38: =N38*(1+O38)+R38 -> 82.282 | X38: =ROUNDUP((U38+2*S38)/T38,0)*T38 -> 175 | Y38: =IF(K38="Round billet","",ROUNDUP((V38+2*S38)/T38,0)*T38) -> 175 | Z38: =ROUNDUP((W38+2*S38)/T38,0)*T38 -> 90 | AA38: P03-Q2-C02 | AB38: Inner hemisphere Ø94 mm, height 47 mm. Base/shutoff and ejector layout must be validated.
A39: Die casting | B39: 101–1,000 | C39: Outer hemisphere cavity | D39: FEMALE | E39: 1 | F39: =IF(K39="Round billet","Ø"&X39&" × "&Z39,X39&" × "&Y39&" × "&Z39) -> 190 × 190 × 100 | G39: Hemispherical shell | H39: Outside Ø100 mm; depth 50 mm; nominal wall 3 mm; open equator | I39: ='Quantity grades'!G19 -> H13 | J39: Die preheat; internal temperature-control circuits and external spray | K39: Rectangular block | L39: 100 | M39: 100 | N39: 50 | O39: 0.006 | P39: 40 | Q39: 40 | R39: 40 | S39: 3 | T39: 5 | U39: =L39*(1+O39)+2*P39 -> 180.6 | V39: =IF(K39="Round billet","",M39*(1+O39)+2*Q39) -> 180.6 | W39: =N39*(1+O39)+R39 -> 90.3 | X39: =ROUNDUP((U39+2*S39)/T39,0)*T39 -> 190 | Y39: =IF(K39="Round billet","",ROUNDUP((V39+2*S39)/T39,0)*T39) -> 190 | Z39: =ROUNDUP((W39+2*S39)/T39,0)*T39 -> 100 | AA39: P03-Q3-C01 | AB39: 40 mm peripheral reserve for support and local feed/cooling layout; exact features not yet laid out.
A40: Die casting | B40: 101–1,000 | C40: Inner hemisphere core | D40: MALE | E40: 1 | F40: =IF(K40="Round billet","Ø"&X40&" × "&Z40,X40&" × "&Y40&" × "&Z40) -> 175 × 175 × 90 | G40: Hemispherical shell | H40: Outside Ø100 mm; depth 50 mm; nominal wall 3 mm; open equator | I40: ='Quantity grades'!G19 -> H13 | J40: Die preheat; internal temperature-control circuits and external spray | K40: Rectangular block | L40: 94 | M40: 94 | N40: 47 | O40: 0.006 | P40: 35 | Q40: 35 | R40: 35 | S40: 3 | T40: 5 | U40: =L40*(1+O40)+2*P40 -> 164.564 | V40: =IF(K40="Round billet","",M40*(1+O40)+2*Q40) -> 164.564 | W40: =N40*(1+O40)+R40 -> 82.282 | X40: =ROUNDUP((U40+2*S40)/T40,0)*T40 -> 175 | Y40: =IF(K40="Round billet","",ROUNDUP((V40+2*S40)/T40,0)*T40) -> 175 | Z40: =ROUNDUP((W40+2*S40)/T40,0)*T40 -> 90 | AA40: P03-Q3-C02 | AB40: Inner hemisphere Ø94 mm, height 47 mm. Base/shutoff and ejector layout must be validated.
A41: Die casting | B41: 1,001–10,000 | C41: Outer hemisphere cavity | D41: FEMALE | E41: 1 | F41: =IF(K41="Round billet","Ø"&X41&" × "&Z41,X41&" × "&Y41&" × "&Z41) -> 190 × 190 × 100 | G41: Hemispherical shell | H41: Outside Ø100 mm; depth 50 mm; nominal wall 3 mm; open equator | I41: ='Quantity grades'!G20 -> H13; ESR where required | J41: Die preheat; internal temperature-control circuits and external spray | K41: Rectangular block | L41: 100 | M41: 100 | N41: 50 | O41: 0.006 | P41: 40 | Q41: 40 | R41: 40 | S41: 3 | T41: 5 | U41: =L41*(1+O41)+2*P41 -> 180.6 | V41: =IF(K41="Round billet","",M41*(1+O41)+2*Q41) -> 180.6 | W41: =N41*(1+O41)+R41 -> 90.3 | X41: =ROUNDUP((U41+2*S41)/T41,0)*T41 -> 190 | Y41: =IF(K41="Round billet","",ROUNDUP((V41+2*S41)/T41,0)*T41) -> 190 | Z41: =ROUNDUP((W41+2*S41)/T41,0)*T41 -> 100 | AA41: P03-Q4-C01 | AB41: 40 mm peripheral reserve for support and local feed/cooling layout; exact features not yet laid out.
A42: Die casting | B42: 1,001–10,000 | C42: Inner hemisphere core | D42: MALE | E42: 1 | F42: =IF(K42="Round billet","Ø"&X42&" × "&Z42,X42&" × "&Y42&" × "&Z42) -> 175 × 175 × 90 | G42: Hemispherical shell | H42: Outside Ø100 mm; depth 50 mm; nominal wall 3 mm; open equator | I42: ='Quantity grades'!G20 -> H13; ESR where required | J42: Die preheat; internal temperature-control circuits and external spray | K42: Rectangular block | L42: 94 | M42: 94 | N42: 47 | O42: 0.006 | P42: 35 | Q42: 35 | R42: 35 | S42: 3 | T42: 5 | U42: =L42*(1+O42)+2*P42 -> 164.564 | V42: =IF(K42="Round billet","",M42*(1+O42)+2*Q42) -> 164.564 | W42: =N42*(1+O42)+R42 -> 82.282 | X42: =ROUNDUP((U42+2*S42)/T42,0)*T42 -> 175 | Y42: =IF(K42="Round billet","",ROUNDUP((V42+2*S42)/T42,0)*T42) -> 175 | Z42: =ROUNDUP((W42+2*S42)/T42,0)*T42 -> 90 | AA42: P03-Q4-C02 | AB42: Inner hemisphere Ø94 mm, height 47 mm. Base/shutoff and ejector layout must be validated.
A43: Die casting | B43: 10,001–100,000 | C43: Outer hemisphere cavity | D43: FEMALE | E43: 1 | F43: =IF(K43="Round billet","Ø"&X43&" × "&Z43,X43&" × "&Y43&" × "&Z43) -> 190 × 190 × 100 | G43: Hemispherical shell | H43: Outside Ø100 mm; depth 50 mm; nominal wall 3 mm; open equator | I43: ='Quantity grades'!G21 -> H13 ESR | J43: Die preheat; internal temperature-control circuits and external spray | K43: Rectangular block | L43: 100 | M43: 100 | N43: 50 | O43: 0.006 | P43: 40 | Q43: 40 | R43: 40 | S43: 3 | T43: 5 | U43: =L43*(1+O43)+2*P43 -> 180.6 | V43: =IF(K43="Round billet","",M43*(1+O43)+2*Q43) -> 180.6 | W43: =N43*(1+O43)+R43 -> 90.3 | X43: =ROUNDUP((U43+2*S43)/T43,0)*T43 -> 190 | Y43: =IF(K43="Round billet","",ROUNDUP((V43+2*S43)/T43,0)*T43) -> 190 | Z43: =ROUNDUP((W43+2*S43)/T43,0)*T43 -> 100 | AA43: P03-Q5-C01 | AB43: 40 mm peripheral reserve for support and local feed/cooling layout; exact features not yet laid out.
A44: Die casting | B44: 10,001–100,000 | C44: Inner hemisphere core | D44: MALE | E44: 1 | F44: =IF(K44="Round billet","Ø"&X44&" × "&Z44,X44&" × "&Y44&" × "&Z44) -> 175 × 175 × 90 | G44: Hemispherical shell | H44: Outside Ø100 mm; depth 50 mm; nominal wall 3 mm; open equator | I44: ='Quantity grades'!G21 -> H13 ESR | J44: Die preheat; internal temperature-control circuits and external spray | K44: Rectangular block | L44: 94 | M44: 94 | N44: 47 | O44: 0.006 | P44: 35 | Q44: 35 | R44: 35 | S44: 3 | T44: 5 | U44: =L44*(1+O44)+2*P44 -> 164.564 | V44: =IF(K44="Round billet","",M44*(1+O44)+2*Q44) -> 164.564 | W44: =N44*(1+O44)+R44 -> 82.282 | X44: =ROUNDUP((U44+2*S44)/T44,0)*T44 -> 175 | Y44: =IF(K44="Round billet","",ROUNDUP((V44+2*S44)/T44,0)*T44) -> 175 | Z44: =ROUNDUP((W44+2*S44)/T44,0)*T44 -> 90 | AA44: P03-Q5-C02 | AB44: Inner hemisphere Ø94 mm, height 47 mm. Base/shutoff and ejector layout must be validated.
A45: Die casting | B45: Above 100,000 | C45: Outer hemisphere cavity | D45: FEMALE | E45: 1 | F45: =IF(K45="Round billet","Ø"&X45&" × "&Z45,X45&" × "&Y45&" × "&Z45) -> 190 × 190 × 100 | G45: Hemispherical shell | H45: Outside Ø100 mm; depth 50 mm; nominal wall 3 mm; open equator | I45: ='Quantity grades'!G22 -> H13 ESR / Dievar | J45: Die preheat; internal temperature-control circuits and external spray | K45: Rectangular block | L45: 100 | M45: 100 | N45: 50 | O45: 0.006 | P45: 40 | Q45: 40 | R45: 40 | S45: 3 | T45: 5 | U45: =L45*(1+O45)+2*P45 -> 180.6 | V45: =IF(K45="Round billet","",M45*(1+O45)+2*Q45) -> 180.6 | W45: =N45*(1+O45)+R45 -> 90.3 | X45: =ROUNDUP((U45+2*S45)/T45,0)*T45 -> 190 | Y45: =IF(K45="Round billet","",ROUNDUP((V45+2*S45)/T45,0)*T45) -> 190 | Z45: =ROUNDUP((W45+2*S45)/T45,0)*T45 -> 100 | AA45: P03-Q6-C01 | AB45: 40 mm peripheral reserve for support and local feed/cooling layout; exact features not yet laid out.
A46: Die casting | B46: Above 100,000 | C46: Inner hemisphere core | D46: MALE | E46: 1 | F46: =IF(K46="Round billet","Ø"&X46&" × "&Z46,X46&" × "&Y46&" × "&Z46) -> 175 × 175 × 90 | G46: Hemispherical shell | H46: Outside Ø100 mm; depth 50 mm; nominal wall 3 mm; open equator | I46: ='Quantity grades'!G22 -> H13 ESR / Dievar | J46: Die preheat; internal temperature-control circuits and external spray | K46: Rectangular block | L46: 94 | M46: 94 | N46: 47 | O46: 0.006 | P46: 35 | Q46: 35 | R46: 35 | S46: 3 | T46: 5 | U46: =L46*(1+O46)+2*P46 -> 164.564 | V46: =IF(K46="Round billet","",M46*(1+O46)+2*Q46) -> 164.564 | W46: =N46*(1+O46)+R46 -> 82.282 | X46: =ROUNDUP((U46+2*S46)/T46,0)*T46 -> 175 | Y46: =IF(K46="Round billet","",ROUNDUP((V46+2*S46)/T46,0)*T46) -> 175 | Z46: =ROUNDUP((W46+2*S46)/T46,0)*T46 -> 90 | AA46: P03-Q6-C02 | AB46: Inner hemisphere Ø94 mm, height 47 mm. Base/shutoff and ejector layout must be validated.
A47: Sand casting | B47: 1–20 | C47: Positive hemisphere pattern | D47: MALE PATTERN | E47: 2 | F47: =IF(K47="Round billet","Ø"&X47&" × "&Z47,X47&" × "&Y47&" × "&Z47) -> 110 × 110 × 70 | G47: Solid sphere | H47: Finished Ø100 mm; split pattern at equator | I47: 6061-T6 aluminum | J47: No pattern cooling; molten metal contacts sand, not these blocks | K47: Rectangular block | L47: 100 | M47: 100 | N47: 50 | O47: 0.01 | P47: 0 | Q47: 0 | R47: 10 | S47: 3 | T47: 5 | U47: =L47*(1+O47)+2*P47 -> 101 | V47: =IF(K47="Round billet","",M47*(1+O47)+2*Q47) -> 101 | W47: =N47*(1+O47)+R47 -> 60.5 | X47: =ROUNDUP((U47+2*S47)/T47,0)*T47 -> 110 | Y47: =IF(K47="Round billet","",ROUNDUP((V47+2*S47)/T47,0)*T47) -> 110 | Z47: =ROUNDUP((W47+2*S47)/T47,0)*T47 -> 70 | AA47: P04-Q1-C01 | AB47: 10 mm mounting base under each positive pattern. Gating/riser patterns and flask are additional.
A48: Sand casting | B48: 1–20 | C48: Pattern mounting plate | D48: SUPPORT | E48: 1 | F48: =IF(K48="Round billet","Ø"&X48&" × "&Z48,X48&" × "&Y48&" × "&Z48) -> 180 × 180 × 30 | G48: Solid sphere | H48: Finished Ø100 mm; split pattern at equator | I48: Aluminum tooling plate | J48: No pattern cooling; molten metal contacts sand, not these blocks | K48: Rectangular block | L48: 170 | M48: 170 | N48: 20 | O48: 0 | P48: 0 | Q48: 0 | R48: 0 | S48: 3 | T48: 5 | U48: =L48*(1+O48)+2*P48 -> 170 | V48: =IF(K48="Round billet","",M48*(1+O48)+2*Q48) -> 170 | W48: =N48*(1+O48)+R48 -> 20 | X48: =ROUNDUP((U48+2*S48)/T48,0)*T48 -> 180 | Y48: =IF(K48="Round billet","",ROUNDUP((V48+2*S48)/T48,0)*T48) -> 180 | Z48: =ROUNDUP((W48+2*S48)/T48,0)*T48 -> 30 | AA48: P04-Q1-C02 | AB48: Illustrative plate for one pattern layout; final molding machine layout governs.
A49: Sand casting | B49: 21–100 | C49: Positive hemisphere pattern | D49: MALE PATTERN | E49: 2 | F49: =IF(K49="Round billet","Ø"&X49&" × "&Z49,X49&" × "&Y49&" × "&Z49) -> 110 × 110 × 70 | G49: Solid sphere | H49: Finished Ø100 mm; split pattern at equator | I49: 6061-T6 aluminum | J49: No pattern cooling; molten metal contacts sand, not these blocks | K49: Rectangular block | L49: 100 | M49: 100 | N49: 50 | O49: 0.01 | P49: 0 | Q49: 0 | R49: 10 | S49: 3 | T49: 5 | U49: =L49*(1+O49)+2*P49 -> 101 | V49: =IF(K49="Round billet","",M49*(1+O49)+2*Q49) -> 101 | W49: =N49*(1+O49)+R49 -> 60.5 | X49: =ROUNDUP((U49+2*S49)/T49,0)*T49 -> 110 | Y49: =IF(K49="Round billet","",ROUNDUP((V49+2*S49)/T49,0)*T49) -> 110 | Z49: =ROUNDUP((W49+2*S49)/T49,0)*T49 -> 70 | AA49: P04-Q2-C01 | AB49: 10 mm mounting base under each positive pattern. Gating/riser patterns and flask are additional.
A50: Sand casting | B50: 21–100 | C50: Pattern mounting plate | D50: SUPPORT | E50: 1 | F50: =IF(K50="Round billet","Ø"&X50&" × "&Z50,X50&" × "&Y50&" × "&Z50) -> 180 × 180 × 30 | G50: Solid sphere | H50: Finished Ø100 mm; split pattern at equator | I50: Aluminum tooling plate | J50: No pattern cooling; molten metal contacts sand, not these blocks | K50: Rectangular block | L50: 170 | M50: 170 | N50: 20 | O50: 0 | P50: 0 | Q50: 0 | R50: 0 | S50: 3 | T50: 5 | U50: =L50*(1+O50)+2*P50 -> 170 | V50: =IF(K50="Round billet","",M50*(1+O50)+2*Q50) -> 170 | W50: =N50*(1+O50)+R50 -> 20 | X50: =ROUNDUP((U50+2*S50)/T50,0)*T50 -> 180 | Y50: =IF(K50="Round billet","",ROUNDUP((V50+2*S50)/T50,0)*T50) -> 180 | Z50: =ROUNDUP((W50+2*S50)/T50,0)*T50 -> 30 | AA50: P04-Q2-C02 | AB50: Illustrative plate for one pattern layout; final molding machine layout governs.
A51: Sand casting | B51: 101–1,000 | C51: Positive hemisphere pattern | D51: MALE PATTERN | E51: 2 | F51: =IF(K51="Round billet","Ø"&X51&" × "&Z51,X51&" × "&Y51&" × "&Z51) -> 110 × 110 × 70 | G51: Solid sphere | H51: Finished Ø100 mm; split pattern at equator | I51: 6061-T6 aluminum | J51: No pattern cooling; molten metal contacts sand, not these blocks | K51: Rectangular block | L51: 100 | M51: 100 | N51: 50 | O51: 0.01 | P51: 0 | Q51: 0 | R51: 10 | S51: 3 | T51: 5 | U51: =L51*(1+O51)+2*P51 -> 101 | V51: =IF(K51="Round billet","",M51*(1+O51)+2*Q51) -> 101 | W51: =N51*(1+O51)+R51 -> 60.5 | X51: =ROUNDUP((U51+2*S51)/T51,0)*T51 -> 110 | Y51: =IF(K51="Round billet","",ROUNDUP((V51+2*S51)/T51,0)*T51) -> 110 | Z51: =ROUNDUP((W51+2*S51)/T51,0)*T51 -> 70 | AA51: P04-Q3-C01 | AB51: 10 mm mounting base under each positive pattern. Gating/riser patterns and flask are additional.
A52: Sand casting | B52: 101–1,000 | C52: Pattern mounting plate | D52: SUPPORT | E52: 1 | F52: =IF(K52="Round billet","Ø"&X52&" × "&Z52,X52&" × "&Y52&" × "&Z52) -> 180 × 180 × 30 | G52: Solid sphere | H52: Finished Ø100 mm; split pattern at equator | I52: Aluminum tooling plate | J52: No pattern cooling; molten metal contacts sand, not these blocks | K52: Rectangular block | L52: 170 | M52: 170 | N52: 20 | O52: 0 | P52: 0 | Q52: 0 | R52: 0 | S52: 3 | T52: 5 | U52: =L52*(1+O52)+2*P52 -> 170 | V52: =IF(K52="Round billet","",M52*(1+O52)+2*Q52) -> 170 | W52: =N52*(1+O52)+R52 -> 20 | X52: =ROUNDUP((U52+2*S52)/T52,0)*T52 -> 180 | Y52: =IF(K52="Round billet","",ROUNDUP((V52+2*S52)/T52,0)*T52) -> 180 | Z52: =ROUNDUP((W52+2*S52)/T52,0)*T52 -> 30 | AA52: P04-Q3-C02 | AB52: Illustrative plate for one pattern layout; final molding machine layout governs.
A53: Sand casting | B53: 1,001–10,000 | C53: Positive hemisphere pattern | D53: MALE PATTERN | E53: 2 | F53: =IF(K53="Round billet","Ø"&X53&" × "&Z53,X53&" × "&Y53&" × "&Z53) -> 110 × 110 × 70 | G53: Solid sphere | H53: Finished Ø100 mm; split pattern at equator | I53: 6061-T6 aluminum | J53: No pattern cooling; molten metal contacts sand, not these blocks | K53: Rectangular block | L53: 100 | M53: 100 | N53: 50 | O53: 0.01 | P53: 0 | Q53: 0 | R53: 10 | S53: 3 | T53: 5 | U53: =L53*(1+O53)+2*P53 -> 101 | V53: =IF(K53="Round billet","",M53*(1+O53)+2*Q53) -> 101 | W53: =N53*(1+O53)+R53 -> 60.5 | X53: =ROUNDUP((U53+2*S53)/T53,0)*T53 -> 110 | Y53: =IF(K53="Round billet","",ROUNDUP((V53+2*S53)/T53,0)*T53) -> 110 | Z53: =ROUNDUP((W53+2*S53)/T53,0)*T53 -> 70 | AA53: P04-Q4-C01 | AB53: 10 mm mounting base under each positive pattern. Gating/riser patterns and flask are additional.
A54: Sand casting | B54: 1,001–10,000 | C54: Pattern mounting plate | D54: SUPPORT | E54: 1 | F54: =IF(K54="Round billet","Ø"&X54&" × "&Z54,X54&" × "&Y54&" × "&Z54) -> 180 × 180 × 30 | G54: Solid sphere | H54: Finished Ø100 mm; split pattern at equator | I54: Aluminum tooling plate | J54: No pattern cooling; molten metal contacts sand, not these blocks | K54: Rectangular block | L54: 170 | M54: 170 | N54: 20 | O54: 0 | P54: 0 | Q54: 0 | R54: 0 | S54: 3 | T54: 5 | U54: =L54*(1+O54)+2*P54 -> 170 | V54: =IF(K54="Round billet","",M54*(1+O54)+2*Q54) -> 170 | W54: =N54*(1+O54)+R54 -> 20 | X54: =ROUNDUP((U54+2*S54)/T54,0)*T54 -> 180 | Y54: =IF(K54="Round billet","",ROUNDUP((V54+2*S54)/T54,0)*T54) -> 180 | Z54: =ROUNDUP((W54+2*S54)/T54,0)*T54 -> 30 | AA54: P04-Q4-C02 | AB54: Illustrative plate for one pattern layout; final molding machine layout governs.
A55: Sand casting | B55: 10,001–100,000 | C55: Positive hemisphere pattern | D55: MALE PATTERN | E55: 2 | F55: =IF(K55="Round billet","Ø"&X55&" × "&Z55,X55&" × "&Y55&" × "&Z55) -> 110 × 110 × 70 | G55: Solid sphere | H55: Finished Ø100 mm; split pattern at equator | I55: 6061-T6 aluminum | J55: No pattern cooling; molten metal contacts sand, not these blocks | K55: Rectangular block | L55: 100 | M55: 100 | N55: 50 | O55: 0.01 | P55: 0 | Q55: 0 | R55: 10 | S55: 3 | T55: 5 | U55: =L55*(1+O55)+2*P55 -> 101 | V55: =IF(K55="Round billet","",M55*(1+O55)+2*Q55) -> 101 | W55: =N55*(1+O55)+R55 -> 60.5 | X55: =ROUNDUP((U55+2*S55)/T55,0)*T55 -> 110 | Y55: =IF(K55="Round billet","",ROUNDUP((V55+2*S55)/T55,0)*T55) -> 110 | Z55: =ROUNDUP((W55+2*S55)/T55,0)*T55 -> 70 | AA55: P04-Q5-C01 | AB55: 10 mm mounting base under each positive pattern. Gating/riser patterns and flask are additional.
A56: Sand casting | B56: 10,001–100,000 | C56: Pattern mounting plate | D56: SUPPORT | E56: 1 | F56: =IF(K56="Round billet","Ø"&X56&" × "&Z56,X56&" × "&Y56&" × "&Z56) -> 180 × 180 × 30 | G56: Solid sphere | H56: Finished Ø100 mm; split pattern at equator | I56: Aluminum tooling plate | J56: No pattern cooling; molten metal contacts sand, not these blocks | K56: Rectangular block | L56: 170 | M56: 170 | N56: 20 | O56: 0 | P56: 0 | Q56: 0 | R56: 0 | S56: 3 | T56: 5 | U56: =L56*(1+O56)+2*P56 -> 170 | V56: =IF(K56="Round billet","",M56*(1+O56)+2*Q56) -> 170 | W56: =N56*(1+O56)+R56 -> 20 | X56: =ROUNDUP((U56+2*S56)/T56,0)*T56 -> 180 | Y56: =IF(K56="Round billet","",ROUNDUP((V56+2*S56)/T56,0)*T56) -> 180 | Z56: =ROUNDUP((W56+2*S56)/T56,0)*T56 -> 30 | AA56: P04-Q5-C02 | AB56: Illustrative plate for one pattern layout; final molding machine layout governs.
A57: Sand casting | B57: Above 100,000 | C57: Positive hemisphere pattern | D57: MALE PATTERN | E57: 2 | F57: =IF(K57="Round billet","Ø"&X57&" × "&Z57,X57&" × "&Y57&" × "&Z57) -> 110 × 110 × 70 | G57: Solid sphere | H57: Finished Ø100 mm; split pattern at equator | I57: 6061-T6 aluminum | J57: No pattern cooling; molten metal contacts sand, not these blocks | K57: Rectangular block | L57: 100 | M57: 100 | N57: 50 | O57: 0.01 | P57: 0 | Q57: 0 | R57: 10 | S57: 3 | T57: 5 | U57: =L57*(1+O57)+2*P57 -> 101 | V57: =IF(K57="Round billet","",M57*(1+O57)+2*Q57) -> 101 | W57: =N57*(1+O57)+R57 -> 60.5 | X57: =ROUNDUP((U57+2*S57)/T57,0)*T57 -> 110 | Y57: =IF(K57="Round billet","",ROUNDUP((V57+2*S57)/T57,0)*T57) -> 110 | Z57: =ROUNDUP((W57+2*S57)/T57,0)*T57 -> 70 | AA57: P04-Q6-C01 | AB57: 10 mm mounting base under each positive pattern. Gating/riser patterns and flask are additional.
A58: Sand casting | B58: Above 100,000 | C58: Pattern mounting plate | D58: SUPPORT | E58: 1 | F58: =IF(K58="Round billet","Ø"&X58&" × "&Z58,X58&" × "&Y58&" × "&Z58) -> 180 × 180 × 30 | G58: Solid sphere | H58: Finished Ø100 mm; split pattern at equator | I58: Aluminum tooling plate | J58: No pattern cooling; molten metal contacts sand, not these blocks | K58: Rectangular block | L58: 170 | M58: 170 | N58: 20 | O58: 0 | P58: 0 | Q58: 0 | R58: 0 | S58: 3 | T58: 5 | U58: =L58*(1+O58)+2*P58 -> 170 | V58: =IF(K58="Round billet","",M58*(1+O58)+2*Q58) -> 170 | W58: =N58*(1+O58)+R58 -> 20 | X58: =ROUNDUP((U58+2*S58)/T58,0)*T58 -> 180 | Y58: =IF(K58="Round billet","",ROUNDUP((V58+2*S58)/T58,0)*T58) -> 180 | Z58: =ROUNDUP((W58+2*S58)/T58,0)*T58 -> 30 | AA58: P04-Q6-C02 | AB58: Illustrative plate for one pattern layout; final molding machine layout governs.
... A64: Investment casting | B64: Above 100,000 | C64: Wax-mold hemisphere half | D64: FEMALE | E64: 2 | F64: =IF(K64="Round billet","Ø"&X64&" × "&Z64,X64&" × "&Y64&" × "&Z64) -> 170 × 170 × 90 | G64: Solid sphere via wax pattern | H64: Finished metal sphere Ø100 mm; wax mold splits at equator | I64: 6061-T6 aluminum | J64: Wax-tool temperature control as needed; ceramic shell heated separately | K64: Rectangular block | L64: 100 | M64: 100 | N64: 50 | O64: 0.02 | P64: 30 | Q64: 30 | R64: 30 | S64: 3 | T64: 5 | U64: =L64*(1+O64)+2*P64 -> 162 | V64: =IF(K64="Round billet","",M64*(1+O64)+2*Q64) -> 162 | W64: =N64*(1+O64)+R64 -> 81 | X64: =ROUNDUP((U64+2*S64)/T64,0)*T64 -> 170 | Y64: =IF(K64="Round billet","",ROUNDUP((V64+2*S64)/T64,0)*T64) -> 170 | Z64: =ROUNDUP((W64+2*S64)/T64,0)*T64 -> 90 | AA64: P05-Q6-C01 | AB64: 30 mm side reserve and 30 mm material behind cavity. Wax gate fits only after layout check; ceramic shell is not a metal block.
A65: Closed die forging | B65: 1–20 | C65: Forging impression half | D65: FEMALE DIE | E65: 2 | F65: =IF(K65="Round billet","Ø"&X65&" × "&Z65,X65&" × "&Y65&" × "&Z65) -> 210 × 210 × 130 | G65: Solid forged sphere | H65: Finished nominal Ø100 mm before final finishing allowance | I65: ='Quantity grades'!G35 -> H13 / 1.2714 | J65: Hot forging; preheated dies; controlled lubricant/cooling spray | K65: Rectangular block | L65: 100 | M65: 100 | N65: 50 | O65: 0.01 | P65: 50 | Q65: 50 | R65: 70 | S65: 3 | T65: 5 | U65: =L65*(1+O65)+2*P65 -> 201 | V65: =IF(K65="Round billet","",M65*(1+O65)+2*Q65) -> 201 | W65: =N65*(1+O65)+R65 -> 120.5 | X65: =ROUNDUP((U65+2*S65)/T65,0)*T65 -> 210 | Y65: =IF(K65="Round billet","",ROUNDUP((V65+2*S65)/T65,0)*T65) -> 210 | Z65: =ROUNDUP((W65+2*S65)/T65,0)*T65 -> 130 | AA65: P06-Q1-C01 | AB65: Assume 50 mm side reserve including flash land/gutter and 70 mm backing. These are costing allowances, not verified forging sections.
A66: Closed die forging | B66: 1–20 | C66: Trimming punch | D66: MALE | E66: 1 | F66: =IF(K66="Round billet","Ø"&X66&" × "&Z66,X66&" × "&Y66&" × "&Z66) -> Ø110 × 70 | G66: Solid forged sphere | H66: Finished nominal Ø100 mm before final finishing allowance | I66: A2 / H13, selected for trimming temperature | J66: Hot forging; preheated dies; controlled lubricant/cooling spray | K66: Round billet | L66: 101 | M66: 101 | N66: 30 | O66: 0 | P66: 0 | Q66: 0 | R66: 30 | S66: 3 | T66: 5 | U66: =L66*(1+O66)+2*P66 -> 101 | V66: =IF(K66="Round billet","",M66*(1+O66)+2*Q66) | W66: =N66*(1+O66)+R66 -> 60 | X66: =ROUNDUP((U66+2*S66)/T66,0)*T66 -> 110 | Y66: =IF(K66="Round billet","",ROUNDUP((V66+2*S66)/T66,0)*T66) | Z66: =ROUNDUP((W66+2*S66)/T66,0)*T66 -> 70 | AA66: P06-Q1-C02 | AB66: Nominal punch envelope; cup/contact profile and actual flash line require design.
A67: Closed die forging | B67: 1–20 | C67: Trimming die | D67: FEMALE DIE | E67: 1 | F67: =IF(K67="Round billet","Ø"&X67&" × "&Z67,X67&" × "&Y67&" × "&Z67) -> 180 × 180 × 50 | G67: Solid forged sphere | H67: Finished nominal Ø100 mm before final finishing allowance | I67: A2 / H13, selected for trimming temperature | J67: Hot forging; preheated dies; controlled lubricant/cooling spray | K67: Rectangular block | L67: 101 | M67: 101 | N67: 10 | O67: 0 | P67: 35 | Q67: 35 | R67: 30 | S67: 3 | T67: 5 | U67: =L67*(1+O67)+2*P67 -> 171 | V67: =IF(K67="Round billet","",M67*(1+O67)+2*Q67) -> 171 | W67: =N67*(1+O67)+R67 -> 40 | X67: =ROUNDUP((U67+2*S67)/T67,0)*T67 -> 180 | Y67: =IF(K67="Round billet","",ROUNDUP((V67+2*S67)/T67,0)*T67) -> 180 | Z67: =ROUNDUP((W67+2*S67)/T67,0)*T67 -> 50 | AA67: P06-Q1-C03 | AB67: Trimming clearance and hot/cold trim condition remain to qualify.
A68: Closed die forging | B68: 21–100 | C68: Forging impression half | D68: FEMALE DIE | E68: 2 | F68: =IF(K68="Round billet","Ø"&X68&" × "&Z68,X68&" × "&Y68&" × "&Z68) -> 210 × 210 × 130 | G68: Solid forged sphere | H68: Finished nominal Ø100 mm before final finishing allowance | I68: ='Quantity grades'!G36 -> H13 / 1.2714 | J68: Hot forging; preheated dies; controlled lubricant/cooling spray | K68: Rectangular block | L68: 100 | M68: 100 | N68: 50 | O68: 0.01 | P68: 50 | Q68: 50 | R68: 70 | S68: 3 | T68: 5 | U68: =L68*(1+O68)+2*P68 -> 201 | V68: =IF(K68="Round billet","",M68*(1+O68)+2*Q68) -> 201 | W68: =N68*(1+O68)+R68 -> 120.5 | X68: =ROUNDUP((U68+2*S68)/T68,0)*T68 -> 210 | Y68: =IF(K68="Round billet","",ROUNDUP((V68+2*S68)/T68,0)*T68) -> 210 | Z68: =ROUNDUP((W68+2*S68)/T68,0)*T68 -> 130 | AA68: P06-Q2-C01 | AB68: Assume 50 mm side reserve including flash land/gutter and 70 mm backing. These are costing allowances, not verified forging sections.
A69: Closed die forging | B69: 21–100 | C69: Trimming punch | D69: MALE | E69: 1 | F69: =IF(K69="Round billet","Ø"&X69&" × "&Z69,X69&" × "&Y69&" × "&Z69) -> Ø110 × 70 | G69: Solid forged sphere | H69: Finished nominal Ø100 mm before final finishing allowance | I69: A2 / H13, selected for trimming temperature | J69: Hot forging; preheated dies; controlled lubricant/cooling spray | K69: Round billet | L69: 101 | M69: 101 | N69: 30 | O69: 0 | P69: 0 | Q69: 0 | R69: 30 | S69: 3 | T69: 5 | U69: =L69*(1+O69)+2*P69 -> 101 | V69: =IF(K69="Round billet","",M69*(1+O69)+2*Q69) | W69: =N69*(1+O69)+R69 -> 60 | X69: =ROUNDUP((U69+2*S69)/T69,0)*T69 -> 110 | Y69: =IF(K69="Round billet","",ROUNDUP((V69+2*S69)/T69,0)*T69) | Z69: =ROUNDUP((W69+2*S69)/T69,0)*T69 -> 70 | AA69: P06-Q2-C02 | AB69: Nominal punch envelope; cup/contact profile and actual flash line require design.
A70: Closed die forging | B70: 21–100 | C70: Trimming die | D70: FEMALE DIE | E70: 1 | F70: =IF(K70="Round billet","Ø"&X70&" × "&Z70,X70&" × "&Y70&" × "&Z70) -> 180 × 180 × 50 | G70: Solid forged sphere | H70: Finished nominal Ø100 mm before final finishing allowance | I70: A2 / H13, selected for trimming temperature | J70: Hot forging; preheated dies; controlled lubricant/cooling spray | K70: Rectangular block | L70: 101 | M70: 101 | N70: 10 | O70: 0 | P70: 35 | Q70: 35 | R70: 30 | S70: 3 | T70: 5 | U70: =L70*(1+O70)+2*P70 -> 171 | V70: =IF(K70="Round billet","",M70*(1+O70)+2*Q70) -> 171 | W70: =N70*(1+O70)+R70 -> 40 | X70: =ROUNDUP((U70+2*S70)/T70,0)*T70 -> 180 | Y70: =IF(K70="Round billet","",ROUNDUP((V70+2*S70)/T70,0)*T70) -> 180 | Z70: =ROUNDUP((W70+2*S70)/T70,0)*T70 -> 50 | AA70: P06-Q2-C03 | AB70: Trimming clearance and hot/cold trim condition remain to qualify.
A71: Closed die forging | B71: 101–1,000 | C71: Forging impression half | D71: FEMALE DIE | E71: 2 | F71: =IF(K71="Round billet","Ø"&X71&" × "&Z71,X71&" × "&Y71&" × "&Z71) -> 210 × 210 × 130 | G71: Solid forged sphere | H71: Finished nominal Ø100 mm before final finishing allowance | I71: ='Quantity grades'!G37 -> H13 / H11 / 1.2714 | J71: Hot forging; preheated dies; controlled lubricant/cooling spray | K71: Rectangular block | L71: 100 | M71: 100 | N71: 50 | O71: 0.01 | P71: 50 | Q71: 50 | R71: 70 | S71: 3 | T71: 5 | U71: =L71*(1+O71)+2*P71 -> 201 | V71: =IF(K71="Round billet","",M71*(1+O71)+2*Q71) -> 201 | W71: =N71*(1+O71)+R71 -> 120.5 | X71: =ROUNDUP((U71+2*S71)/T71,0)*T71 -> 210 | Y71: =IF(K71="Round billet","",ROUNDUP((V71+2*S71)/T71,0)*T71) -> 210 | Z71: =ROUNDUP((W71+2*S71)/T71,0)*T71 -> 130 | AA71: P06-Q3-C01 | AB71: Assume 50 mm side reserve including flash land/gutter and 70 mm backing. These are costing allowances, not verified forging sections.
A72: Closed die forging | B72: 101–1,000 | C72: Trimming punch | D72: MALE | E72: 1 | F72: =IF(K72="Round billet","Ø"&X72&" × "&Z72,X72&" × "&Y72&" × "&Z72) -> Ø110 × 70 | G72: Solid forged sphere | H72: Finished nominal Ø100 mm before final finishing allowance | I72: A2 / H13, selected for trimming temperature | J72: Hot forging; preheated dies; controlled lubricant/cooling spray | K72: Round billet | L72: 101 | M72: 101 | N72: 30 | O72: 0 | P72: 0 | Q72: 0 | R72: 30 | S72: 3 | T72: 5 | U72: =L72*(1+O72)+2*P72 -> 101 | V72: =IF(K72="Round billet","",M72*(1+O72)+2*Q72) | W72: =N72*(1+O72)+R72 -> 60 | X72: =ROUNDUP((U72+2*S72)/T72,0)*T72 -> 110 | Y72: =IF(K72="Round billet","",ROUNDUP((V72+2*S72)/T72,0)*T72) | Z72: =ROUNDUP((W72+2*S72)/T72,0)*T72 -> 70 | AA72: P06-Q3-C02 | AB72: Nominal punch envelope; cup/contact profile and actual flash line require design.
A73: Closed die forging | B73: 101–1,000 | C73: Trimming die | D73: FEMALE DIE | E73: 1 | F73: =IF(K73="Round billet","Ø"&X73&" × "&Z73,X73&" × "&Y73&" × "&Z73) -> 180 × 180 × 50 | G73: Solid forged sphere | H73: Finished nominal Ø100 mm before final finishing allowance | I73: A2 / H13, selected for trimming temperature | J73: Hot forging; preheated dies; controlled lubricant/cooling spray | K73: Rectangular block | L73: 101 | M73: 101 | N73: 10 | O73: 0 | P73: 35 | Q73: 35 | R73: 30 | S73: 3 | T73: 5 | U73: =L73*(1+O73)+2*P73 -> 171 | V73: =IF(K73="Round billet","",M73*(1+O73)+2*Q73) -> 171 | W73: =N73*(1+O73)+R73 -> 40 | X73: =ROUNDUP((U73+2*S73)/T73,0)*T73 -> 180 | Y73: =IF(K73="Round billet","",ROUNDUP((V73+2*S73)/T73,0)*T73) -> 180 | Z73: =ROUNDUP((W73+2*S73)/T73,0)*T73 -> 50 | AA73: P06-Q3-C03 | AB73: Trimming clearance and hot/cold trim condition remain to qualify.
A74: Closed die forging | B74: 1,001–10,000 | C74: Forging impression half | D74: FEMALE DIE | E74: 2 | F74: =IF(K74="Round billet","Ø"&X74&" × "&Z74,X74&" × "&Y74&" × "&Z74) -> 210 × 210 × 130 | G74: Solid forged sphere | H74: Finished nominal Ø100 mm before final finishing allowance | I74: ='Quantity grades'!G38 -> H13 / H11 / 1.2714 | J74: Hot forging; preheated dies; controlled lubricant/cooling spray | K74: Rectangular block | L74: 100 | M74: 100 | N74: 50 | O74: 0.01 | P74: 50 | Q74: 50 | R74: 70 | S74: 3 | T74: 5 | U74: =L74*(1+O74)+2*P74 -> 201 | V74: =IF(K74="Round billet","",M74*(1+O74)+2*Q74) -> 201 | W74: =N74*(1+O74)+R74 -> 120.5 | X74: =ROUNDUP((U74+2*S74)/T74,0)*T74 -> 210 | Y74: =IF(K74="Round billet","",ROUNDUP((V74+2*S74)/T74,0)*T74) -> 210 | Z74: =ROUNDUP((W74+2*S74)/T74,0)*T74 -> 130 | AA74: P06-Q4-C01 | AB74: Assume 50 mm side reserve including flash land/gutter and 70 mm backing. These are costing allowances, not verified forging sections.
A75: Closed die forging | B75: 1,001–10,000 | C75: Trimming punch | D75: MALE | E75: 1 | F75: =IF(K75="Round billet","Ø"&X75&" × "&Z75,X75&" × "&Y75&" × "&Z75) -> Ø110 × 70 | G75: Solid forged sphere | H75: Finished nominal Ø100 mm before final finishing allowance | I75: A2 / H13, selected for trimming temperature | J75: Hot forging; preheated dies; controlled lubricant/cooling spray | K75: Round billet | L75: 101 | M75: 101 | N75: 30 | O75: 0 | P75: 0 | Q75: 0 | R75: 30 | S75: 3 | T75: 5 | U75: =L75*(1+O75)+2*P75 -> 101 | V75: =IF(K75="Round billet","",M75*(1+O75)+2*Q75) | W75: =N75*(1+O75)+R75 -> 60 | X75: =ROUNDUP((U75+2*S75)/T75,0)*T75 -> 110 | Y75: =IF(K75="Round billet","",ROUNDUP((V75+2*S75)/T75,0)*T75) | Z75: =ROUNDUP((W75+2*S75)/T75,0)*T75 -> 70 | AA75: P06-Q4-C02 | AB75: Nominal punch envelope; cup/contact profile and actual flash line require design.
A76: Closed die forging | B76: 1,001–10,000 | C76: Trimming die | D76: FEMALE DIE | E76: 1 | F76: =IF(K76="Round billet","Ø"&X76&" × "&Z76,X76&" × "&Y76&" × "&Z76) -> 180 × 180 × 50 | G76: Solid forged sphere | H76: Finished nominal Ø100 mm before final finishing allowance | I76: A2 / H13, selected for trimming temperature | J76: Hot forging; preheated dies; controlled lubricant/cooling spray | K76: Rectangular block | L76: 101 | M76: 101 | N76: 10 | O76: 0 | P76: 35 | Q76: 35 | R76: 30 | S76: 3 | T76: 5 | U76: =L76*(1+O76)+2*P76 -> 171 | V76: =IF(K76="Round billet","",M76*(1+O76)+2*Q76) -> 171 | W76: =N76*(1+O76)+R76 -> 40 | X76: =ROUNDUP((U76+2*S76)/T76,0)*T76 -> 180 | Y76: =IF(K76="Round billet","",ROUNDUP((V76+2*S76)/T76,0)*T76) -> 180 | Z76: =ROUNDUP((W76+2*S76)/T76,0)*T76 -> 50 | AA76: P06-Q4-C03 | AB76: Trimming clearance and hot/cold trim condition remain to qualify.
A77: Closed die forging | B77: 10,001–100,000 | C77: Forging impression half | D77: FEMALE DIE | E77: 2 | F77: =IF(K77="Round billet","Ø"&X77&" × "&Z77,X77&" × "&Y77&" × "&Z77) -> 210 × 210 × 130 | G77: Solid forged sphere | H77: Finished nominal Ø100 mm before final finishing allowance | I77: ='Quantity grades'!G39 -> H13; premium quality if justified | J77: Hot forging; preheated dies; controlled lubricant/cooling spray | K77: Rectangular block | L77: 100 | M77: 100 | N77: 50 | O77: 0.01 | P77: 50 | Q77: 50 | R77: 70 | S77: 3 | T77: 5 | U77: =L77*(1+O77)+2*P77 -> 201 | V77: =IF(K77="Round billet","",M77*(1+O77)+2*Q77) -> 201 | W77: =N77*(1+O77)+R77 -> 120.5 | X77: =ROUNDUP((U77+2*S77)/T77,0)*T77 -> 210 | Y77: =IF(K77="Round billet","",ROUNDUP((V77+2*S77)/T77,0)*T77) -> 210 | Z77: =ROUNDUP((W77+2*S77)/T77,0)*T77 -> 130 | AA77: P06-Q5-C01 | AB77: Assume 50 mm side reserve including flash land/gutter and 70 mm backing. These are costing allowances, not verified forging sections.
A78: Closed die forging | B78: 10,001–100,000 | C78: Trimming punch | D78: MALE | E78: 1 | F78: =IF(K78="Round billet","Ø"&X78&" × "&Z78,X78&" × "&Y78&" × "&Z78) -> Ø110 × 70 | G78: Solid forged sphere | H78: Finished nominal Ø100 mm before final finishing allowance | I78: A2 / H13, selected for trimming temperature | J78: Hot forging; preheated dies; controlled lubricant/cooling spray | K78: Round billet | L78: 101 | M78: 101 | N78: 30 | O78: 0 | P78: 0 | Q78: 0 | R78: 30 | S78: 3 | T78: 5 | U78: =L78*(1+O78)+2*P78 -> 101 | V78: =IF(K78="Round billet","",M78*(1+O78)+2*Q78) | W78: =N78*(1+O78)+R78 -> 60 | X78: =ROUNDUP((U78+2*S78)/T78,0)*T78 -> 110 | Y78: =IF(K78="Round billet","",ROUNDUP((V78+2*S78)/T78,0)*T78) | Z78: =ROUNDUP((W78+2*S78)/T78,0)*T78 -> 70 | AA78: P06-Q5-C02 | AB78: Nominal punch envelope; cup/contact profile and actual flash line require design.
A79: Closed die forging | B79: 10,001–100,000 | C79: Trimming die | D79: FEMALE DIE | E79: 1 | F79: =IF(K79="Round billet","Ø"&X79&" × "&Z79,X79&" × "&Y79&" × "&Z79) -> 180 × 180 × 50 | G79: Solid forged sphere | H79: Finished nominal Ø100 mm before final finishing allowance | I79: A2 / H13, selected for trimming temperature | J79: Hot forging; preheated dies; controlled lubricant/cooling spray | K79: Rectangular block | L79: 101 | M79: 101 | N79: 10 | O79: 0 | P79: 35 | Q79: 35 | R79: 30 | S79: 3 | T79: 5 | U79: =L79*(1+O79)+2*P79 -> 171 | V79: =IF(K79="Round billet","",M79*(1+O79)+2*Q79) -> 171 | W79: =N79*(1+O79)+R79 -> 40 | X79: =ROUNDUP((U79+2*S79)/T79,0)*T79 -> 180 | Y79: =IF(K79="Round billet","",ROUNDUP((V79+2*S79)/T79,0)*T79) -> 180 | Z79: =ROUNDUP((W79+2*S79)/T79,0)*T79 -> 50 | AA79: P06-Q5-C03 | AB79: Trimming clearance and hot/cold trim condition remain to qualify.
A80: Closed die forging | B80: Above 100,000 | C80: Forging impression half | D80: FEMALE DIE | E80: 2 | F80: =IF(K80="Round billet","Ø"&X80&" × "&Z80,X80&" × "&Y80&" × "&Z80) -> 210 × 210 × 130 | G80: Solid forged sphere | H80: Finished nominal Ø100 mm before final finishing allowance | I80: ='Quantity grades'!G40 -> H13 ESR / Dievar / Formvar | J80: Hot forging; preheated dies; controlled lubricant/cooling spray | K80: Rectangular block | L80: 100 | M80: 100 | N80: 50 | O80: 0.01 | P80: 50 | Q80: 50 | R80: 70 | S80: 3 | T80: 5 | U80: =L80*(1+O80)+2*P80 -> 201 | V80: =IF(K80="Round billet","",M80*(1+O80)+2*Q80) -> 201 | W80: =N80*(1+O80)+R80 -> 120.5 | X80: =ROUNDUP((U80+2*S80)/T80,0)*T80 -> 210 | Y80: =IF(K80="Round billet","",ROUNDUP((V80+2*S80)/T80,0)*T80) -> 210 | Z80: =ROUNDUP((W80+2*S80)/T80,0)*T80 -> 130 | AA80: P06-Q6-C01 | AB80: Assume 50 mm side reserve including flash land/gutter and 70 mm backing. These are costing allowances, not verified forging sections.
A81: Closed die forging | B81: Above 100,000 | C81: Trimming punch | D81: MALE | E81: 1 | F81: =IF(K81="Round billet","Ø"&X81&" × "&Z81,X81&" × "&Y81&" × "&Z81) -> Ø110 × 70 | G81: Solid forged sphere | H81: Finished nominal Ø100 mm before final finishing allowance | I81: A2 / H13, selected for trimming temperature | J81: Hot forging; preheated dies; controlled lubricant/cooling spray | K81: Round billet | L81: 101 | M81: 101 | N81: 30 | O81: 0 | P81: 0 | Q81: 0 | R81: 30 | S81: 3 | T81: 5 | U81: =L81*(1+O81)+2*P81 -> 101 | V81: =IF(K81="Round billet","",M81*(1+O81)+2*Q81) | W81: =N81*(1+O81)+R81 -> 60 | X81: =ROUNDUP((U81+2*S81)/T81,0)*T81 -> 110 | Y81: =IF(K81="Round billet","",ROUNDUP((V81+2*S81)/T81,0)*T81) | Z81: =ROUNDUP((W81+2*S81)/T81,0)*T81 -> 70 | AA81: P06-Q6-C02 | AB81: Nominal punch envelope; cup/contact profile and actual flash line require design.
A82: Closed die forging | B82: Above 100,000 | C82: Trimming die | D82: FEMALE DIE | E82: 1 | F82: =IF(K82="Round billet","Ø"&X82&" × "&Z82,X82&" × "&Y82&" × "&Z82) -> 180 × 180 × 50 | G82: Solid forged sphere | H82: Finished nominal Ø100 mm before final finishing allowance | I82: A2 / H13, selected for trimming temperature | J82: Hot forging; preheated dies; controlled lubricant/cooling spray | K82: Rectangular block | L82: 101 | M82: 101 | N82: 10 | O82: 0 | P82: 35 | Q82: 35 | R82: 30 | S82: 3 | T82: 5 | U82: =L82*(1+O82)+2*P82 -> 171 | V82: =IF(K82="Round billet","",M82*(1+O82)+2*Q82) -> 171 | W82: =N82*(1+O82)+R82 -> 40 | X82: =ROUNDUP((U82+2*S82)/T82,0)*T82 -> 180 | Y82: =IF(K82="Round billet","",ROUNDUP((V82+2*S82)/T82,0)*T82) -> 180 | Z82: =ROUNDUP((W82+2*S82)/T82,0)*T82 -> 50 | AA82: P06-Q6-C03 | AB82: Trimming clearance and hot/cold trim condition remain to qualify.
A83: Plastic extrusion | B83: 1–20 | C83: Profile die block | D83: FEMALE DIE | E83: 1 | F83: =IF(K83="Round billet","Ø"&X83&" × "&Z83,X83&" × "&Y83&" × "&Z83) -> 130 × 115 × 60 | G83: Hollow rectangular extrusion | H83: Outside 40 × 25 mm; wall 2 mm; cut length 1,000 mm | I83: P20 / corrosion-resistant mold steel | J83: Die heated; calibrator cooled and connected to vacuum | K83: Rectangular block | L83: 40 | M83: 25 | N83: 20 | O83: 0 | P83: 40 | Q83: 40 | R83: 30 | S83: 3 | T83: 5 | U83: =L83*(1+O83)+2*P83 -> 120 | V83: =IF(K83="Round billet","",M83*(1+O83)+2*Q83) -> 105 | W83: =N83*(1+O83)+R83 -> 50 | X83: =ROUNDUP((U83+2*S83)/T83,0)*T83 -> 130 | Y83: =IF(K83="Round billet","",ROUNDUP((V83+2*S83)/T83,0)*T83) -> 115 | Z83: =ROUNDUP((W83+2*S83)/T83,0)*T83 -> 60 | AA83: P07-Q1-C01 | AB83: Flow manifold and land must fit the assumed 50 mm axial depth; confirm with rheology.
A84: Plastic extrusion | B84: 1–20 | C84: Profile mandrel | D84: MALE | E84: 1 | F84: =IF(K84="Round billet","Ø"&X84&" × "&Z84,X84&" × "&Y84&" × "&Z84) -> 45 × 30 × 110 | G84: Hollow rectangular extrusion | H84: Outside 40 × 25 mm; wall 2 mm; cut length 1,000 mm | I84: Corrosion-resistant tool steel | J84: Die heated; calibrator cooled and connected to vacuum | K84: Rectangular block | L84: 36 | M84: 21 | N84: 70 | O84: 0 | P84: 0 | Q84: 0 | R84: 30 | S84: 3 | T84: 5 | U84: =L84*(1+O84)+2*P84 -> 36 | V84: =IF(K84="Round billet","",M84*(1+O84)+2*Q84) -> 21 | W84: =N84*(1+O84)+R84 -> 100 | X84: =ROUNDUP((U84+2*S84)/T84,0)*T84 -> 45 | Y84: =IF(K84="Round billet","",ROUNDUP((V84+2*S84)/T84,0)*T84) -> 30 | Z84: =ROUNDUP((W84+2*S84)/T84,0)*T84 -> 110 | AA84: P07-Q1-C02 | AB84: 36 × 21 mm nominal internal section; 100 mm mandrel/support length assumed.
A85: Plastic extrusion | B85: 1–20 | C85: Calibration block | D85: FEMALE CALIBRATOR | E85: 1 | F85: =IF(K85="Round billet","Ø"&X85&" × "&Z85,X85&" × "&Y85&" × "&Z85) -> 110 × 95 × 210 | G85: Hollow rectangular extrusion | H85: Outside 40 × 25 mm; wall 2 mm; cut length 1,000 mm | I85: Corrosion-resistant calibration tooling grade | J85: Die heated; calibrator cooled and connected to vacuum | K85: Rectangular block | L85: 40 | M85: 25 | N85: 200 | O85: 0 | P85: 30 | Q85: 30 | R85: 0 | S85: 3 | T85: 5 | U85: =L85*(1+O85)+2*P85 -> 100 | V85: =IF(K85="Round billet","",M85*(1+O85)+2*Q85) -> 85 | W85: =N85*(1+O85)+R85 -> 200 | X85: =ROUNDUP((U85+2*S85)/T85,0)*T85 -> 110 | Y85: =IF(K85="Round billet","",ROUNDUP((V85+2*S85)/T85,0)*T85) -> 95 | Z85: =ROUNDUP((W85+2*S85)/T85,0)*T85 -> 210 | AA85: P07-Q1-C03 | AB85: 200 mm calibration length assumed, not derived from 1,000 mm cut length; cooling slots must be laid out.
A86: Plastic extrusion | B86: 21–100 | C86: Profile die block | D86: FEMALE DIE | E86: 1 | F86: =IF(K86="Round billet","Ø"&X86&" × "&Z86,X86&" × "&Y86&" × "&Z86) -> 130 × 115 × 60 | G86: Hollow rectangular extrusion | H86: Outside 40 × 25 mm; wall 2 mm; cut length 1,000 mm | I86: P20 / corrosion-resistant mold steel | J86: Die heated; calibrator cooled and connected to vacuum | K86: Rectangular block | L86: 40 | M86: 25 | N86: 20 | O86: 0 | P86: 40 | Q86: 40 | R86: 30 | S86: 3 | T86: 5 | U86: =L86*(1+O86)+2*P86 -> 120 | V86: =IF(K86="Round billet","",M86*(1+O86)+2*Q86) -> 105 | W86: =N86*(1+O86)+R86 -> 50 | X86: =ROUNDUP((U86+2*S86)/T86,0)*T86 -> 130 | Y86: =IF(K86="Round billet","",ROUNDUP((V86+2*S86)/T86,0)*T86) -> 115 | Z86: =ROUNDUP((W86+2*S86)/T86,0)*T86 -> 60 | AA86: P07-Q2-C01 | AB86: Flow manifold and land must fit the assumed 50 mm axial depth; confirm with rheology.
A87: Plastic extrusion | B87: 21–100 | C87: Profile mandrel | D87: MALE | E87: 1 | F87: =IF(K87="Round billet","Ø"&X87&" × "&Z87,X87&" × "&Y87&" × "&Z87) -> 45 × 30 × 110 | G87: Hollow rectangular extrusion | H87: Outside 40 × 25 mm; wall 2 mm; cut length 1,000 mm | I87: Corrosion-resistant tool steel | J87: Die heated; calibrator cooled and connected to vacuum | K87: Rectangular block | L87: 36 | M87: 21 | N87: 70 | O87: 0 | P87: 0 | Q87: 0 | R87: 30 | S87: 3 | T87: 5 | U87: =L87*(1+O87)+2*P87 -> 36 | V87: =IF(K87="Round billet","",M87*(1+O87)+2*Q87) -> 21 | W87: =N87*(1+O87)+R87 -> 100 | X87: =ROUNDUP((U87+2*S87)/T87,0)*T87 -> 45 | Y87: =IF(K87="Round billet","",ROUNDUP((V87+2*S87)/T87,0)*T87) -> 30 | Z87: =ROUNDUP((W87+2*S87)/T87,0)*T87 -> 110 | AA87: P07-Q2-C02 | AB87: 36 × 21 mm nominal internal section; 100 mm mandrel/support length assumed.
A88: Plastic extrusion | B88: 21–100 | C88: Calibration block | D88: FEMALE CALIBRATOR | E88: 1 | F88: =IF(K88="Round billet","Ø"&X88&" × "&Z88,X88&" × "&Y88&" × "&Z88) -> 110 × 95 × 210 | G88: Hollow rectangular extrusion | H88: Outside 40 × 25 mm; wall 2 mm; cut length 1,000 mm | I88: Corrosion-resistant calibration tooling grade | J88: Die heated; calibrator cooled and connected to vacuum | K88: Rectangular block | L88: 40 | M88: 25 | N88: 200 | O88: 0 | P88: 30 | Q88: 30 | R88: 0 | S88: 3 | T88: 5 | U88: =L88*(1+O88)+2*P88 -> 100 | V88: =IF(K88="Round billet","",M88*(1+O88)+2*Q88) -> 85 | W88: =N88*(1+O88)+R88 -> 200 | X88: =ROUNDUP((U88+2*S88)/T88,0)*T88 -> 110 | Y88: =IF(K88="Round billet","",ROUNDUP((V88+2*S88)/T88,0)*T88) -> 95 | Z88: =ROUNDUP((W88+2*S88)/T88,0)*T88 -> 210 | AA88: P07-Q2-C03 | AB88: 200 mm calibration length assumed, not derived from 1,000 mm cut length; cooling slots must be laid out.
A89: Plastic extrusion | B89: 101–1,000 | C89: Profile die block | D89: FEMALE DIE | E89: 1 | F89: =IF(K89="Round billet","Ø"&X89&" × "&Z89,X89&" × "&Y89&" × "&Z89) -> 130 × 115 × 60 | G89: Hollow rectangular extrusion | H89: Outside 40 × 25 mm; wall 2 mm; cut length 1,000 mm | I89: P20 / corrosion-resistant mold steel | J89: Die heated; calibrator cooled and connected to vacuum | K89: Rectangular block | L89: 40 | M89: 25 | N89: 20 | O89: 0 | P89: 40 | Q89: 40 | R89: 30 | S89: 3 | T89: 5 | U89: =L89*(1+O89)+2*P89 -> 120 | V89: =IF(K89="Round billet","",M89*(1+O89)+2*Q89) -> 105 | W89: =N89*(1+O89)+R89 -> 50 | X89: =ROUNDUP((U89+2*S89)/T89,0)*T89 -> 130 | Y89: =IF(K89="Round billet","",ROUNDUP((V89+2*S89)/T89,0)*T89) -> 115 | Z89: =ROUNDUP((W89+2*S89)/T89,0)*T89 -> 60 | AA89: P07-Q3-C01 | AB89: Flow manifold and land must fit the assumed 50 mm axial depth; confirm with rheology.
A90: Plastic extrusion | B90: 101–1,000 | C90: Profile mandrel | D90: MALE | E90: 1 | F90: =IF(K90="Round billet","Ø"&X90&" × "&Z90,X90&" × "&Y90&" × "&Z90) -> 45 × 30 × 110 | G90: Hollow rectangular extrusion | H90: Outside 40 × 25 mm; wall 2 mm; cut length 1,000 mm | I90: Corrosion-resistant tool steel | J90: Die heated; calibrator cooled and connected to vacuum | K90: Rectangular block | L90: 36 | M90: 21 | N90: 70 | O90: 0 | P90: 0 | Q90: 0 | R90: 30 | S90: 3 | T90: 5 | U90: =L90*(1+O90)+2*P90 -> 36 | V90: =IF(K90="Round billet","",M90*(1+O90)+2*Q90) -> 21 | W90: =N90*(1+O90)+R90 -> 100 | X90: =ROUNDUP((U90+2*S90)/T90,0)*T90 -> 45 | Y90: =IF(K90="Round billet","",ROUNDUP((V90+2*S90)/T90,0)*T90) -> 30 | Z90: =ROUNDUP((W90+2*S90)/T90,0)*T90 -> 110 | AA90: P07-Q3-C02 | AB90: 36 × 21 mm nominal internal section; 100 mm mandrel/support length assumed.
A91: Plastic extrusion | B91: 101–1,000 | C91: Calibration block | D91: FEMALE CALIBRATOR | E91: 1 | F91: =IF(K91="Round billet","Ø"&X91&" × "&Z91,X91&" × "&Y91&" × "&Z91) -> 110 × 95 × 210 | G91: Hollow rectangular extrusion | H91: Outside 40 × 25 mm; wall 2 mm; cut length 1,000 mm | I91: Corrosion-resistant calibration tooling grade | J91: Die heated; calibrator cooled and connected to vacuum | K91: Rectangular block | L91: 40 | M91: 25 | N91: 200 | O91: 0 | P91: 30 | Q91: 30 | R91: 0 | S91: 3 | T91: 5 | U91: =L91*(1+O91)+2*P91 -> 100 | V91: =IF(K91="Round billet","",M91*(1+O91)+2*Q91) -> 85 | W91: =N91*(1+O91)+R91 -> 200 | X91: =ROUNDUP((U91+2*S91)/T91,0)*T91 -> 110 | Y91: =IF(K91="Round billet","",ROUNDUP((V91+2*S91)/T91,0)*T91) -> 95 | Z91: =ROUNDUP((W91+2*S91)/T91,0)*T91 -> 210 | AA91: P07-Q3-C03 | AB91: 200 mm calibration length assumed, not derived from 1,000 mm cut length; cooling slots must be laid out.
A92: Plastic extrusion | B92: 1,001–10,000 | C92: Profile die block | D92: FEMALE DIE | E92: 1 | F92: =IF(K92="Round billet","Ø"&X92&" × "&Z92,X92&" × "&Y92&" × "&Z92) -> 130 × 115 × 60 | G92: Hollow rectangular extrusion | H92: Outside 40 × 25 mm; wall 2 mm; cut length 1,000 mm | I92: P20 / corrosion-resistant mold steel | J92: Die heated; calibrator cooled and connected to vacuum | K92: Rectangular block | L92: 40 | M92: 25 | N92: 20 | O92: 0 | P92: 40 | Q92: 40 | R92: 30 | S92: 3 | T92: 5 | U92: =L92*(1+O92)+2*P92 -> 120 | V92: =IF(K92="Round billet","",M92*(1+O92)+2*Q92) -> 105 | W92: =N92*(1+O92)+R92 -> 50 | X92: =ROUNDUP((U92+2*S92)/T92,0)*T92 -> 130 | Y92: =IF(K92="Round billet","",ROUNDUP((V92+2*S92)/T92,0)*T92) -> 115 | Z92: =ROUNDUP((W92+2*S92)/T92,0)*T92 -> 60 | AA92: P07-Q4-C01 | AB92: Flow manifold and land must fit the assumed 50 mm axial depth; confirm with rheology.
... A112: Blow molding | B112: Above 100,000 | C112: Blow pin | D112: MALE PIN | E112: 1 | F112: =IF(K112="Round billet","Ø"&X112&" × "&Z112,X112&" × "&Y112&" × "&Z112) -> Ø30 × 90 | G112: Hollow spherical bottle | H112: Spherical body Ø100 mm; wall approx. 1 mm; 20 mm neck extension | I112: Hardened stainless tooling grade | J112: Water-cooled cavity halves; pinch-off and neck wear inserts as needed | K112: Round billet | L112: 20 | M112: 20 | N112: 60 | O112: 0 | P112: 0 | Q112: 0 | R112: 20 | S112: 3 | T112: 5 | U112: =L112*(1+O112)+2*P112 -> 20 | V112: =IF(K112="Round billet","",M112*(1+O112)+2*Q112) | W112: =N112*(1+O112)+R112 -> 80 | X112: =ROUNDUP((U112+2*S112)/T112,0)*T112 -> 30 | Y112: =IF(K112="Round billet","",ROUNDUP((V112+2*S112)/T112,0)*T112) | Z112: =ROUNDUP((W112+2*S112)/T112,0)*T112 -> 90 | AA112: P08-Q6-C02 | AB112: Nominal envelope only; actual neck finish, air bore and seal determine pin geometry.
A113: Compression molding | B113: 1–20 | C113: Outer hemisphere cavity | D113: FEMALE | E113: 1 | F113: =IF(K113="Round billet","Ø"&X113&" × "&Z113,X113&" × "&Y113&" × "&Z113) -> 180 × 180 × 95 | G113: Hemispherical thermoset cover | H113: Outside Ø100 mm; depth 50 mm; wall 3 mm; open equator | I113: ='Quantity grades'!G53 -> P20; aluminum for suitable trials | J113: Heated matched mold, vents and ejectors; no default cold-water cooling | K113: Rectangular block | L113: 100 | M113: 100 | N113: 50 | O113: 0.003 | P113: 35 | Q113: 35 | R113: 35 | S113: 3 | T113: 5 | U113: =L113*(1+O113)+2*P113 -> 170.3 | V113: =IF(K113="Round billet","",M113*(1+O113)+2*Q113) -> 170.3 | W113: =N113*(1+O113)+R113 -> 85.15 | X113: =ROUNDUP((U113+2*S113)/T113,0)*T113 -> 180 | Y113: =IF(K113="Round billet","",ROUNDUP((V113+2*S113)/T113,0)*T113) -> 180 | Z113: =ROUNDUP((W113+2*S113)/T113,0)*T113 -> 95 | AA113: P09-Q1-C01 | AB113: Peripheral reserve includes flash/shear-edge zone; pressure and heater layout remain unvalidated.
A114: Compression molding | B114: 1–20 | C114: Inner hemisphere core | D114: MALE | E114: 1 | F114: =IF(K114="Round billet","Ø"&X114&" × "&Z114,X114&" × "&Y114&" × "&Z114) -> 165 × 165 × 85 | G114: Hemispherical thermoset cover | H114: Outside Ø100 mm; depth 50 mm; wall 3 mm; open equator | I114: ='Quantity grades'!G53 -> P20; aluminum for suitable trials | J114: Heated matched mold, vents and ejectors; no default cold-water cooling | K114: Rectangular block | L114: 94 | M114: 94 | N114: 47 | O114: 0.003 | P114: 30 | Q114: 30 | R114: 30 | S114: 3 | T114: 5 | U114: =L114*(1+O114)+2*P114 -> 154.282 | V114: =IF(K114="Round billet","",M114*(1+O114)+2*Q114) -> 154.282 | W114: =N114*(1+O114)+R114 -> 77.141 | X114: =ROUNDUP((U114+2*S114)/T114,0)*T114 -> 165 | Y114: =IF(K114="Round billet","",ROUNDUP((V114+2*S114)/T114,0)*T114) -> 165 | Z114: =ROUNDUP((W114+2*S114)/T114,0)*T114 -> 85 | AA114: P09-Q1-C02 | AB114: Nominal Ø94 × 47 mm inner hemisphere. Confirm draft/release and laminate/compound flow.
A115: Compression molding | B115: 21–100 | C115: Outer hemisphere cavity | D115: FEMALE | E115: 1 | F115: =IF(K115="Round billet","Ø"&X115&" × "&Z115,X115&" × "&Y115&" × "&Z115) -> 180 × 180 × 95 | G115: Hemispherical thermoset cover | H115: Outside Ø100 mm; depth 50 mm; wall 3 mm; open equator | I115: ='Quantity grades'!G54 -> P20 | J115: Heated matched mold, vents and ejectors; no default cold-water cooling | K115: Rectangular block | L115: 100 | M115: 100 | N115: 50 | O115: 0.003 | P115: 35 | Q115: 35 | R115: 35 | S115: 3 | T115: 5 | U115: =L115*(1+O115)+2*P115 -> 170.3 | V115: =IF(K115="Round billet","",M115*(1+O115)+2*Q115) -> 170.3 | W115: =N115*(1+O115)+R115 -> 85.15 | X115: =ROUNDUP((U115+2*S115)/T115,0)*T115 -> 180 | Y115: =IF(K115="Round billet","",ROUNDUP((V115+2*S115)/T115,0)*T115) -> 180 | Z115: =ROUNDUP((W115+2*S115)/T115,0)*T115 -> 95 | AA115: P09-Q2-C01 | AB115: Peripheral reserve includes flash/shear-edge zone; pressure and heater layout remain unvalidated.
A116: Compression molding | B116: 21–100 | C116: Inner hemisphere core | D116: MALE | E116: 1 | F116: =IF(K116="Round billet","Ø"&X116&" × "&Z116,X116&" × "&Y116&" × "&Z116) -> 165 × 165 × 85 | G116: Hemispherical thermoset cover | H116: Outside Ø100 mm; depth 50 mm; wall 3 mm; open equator | I116: ='Quantity grades'!G54 -> P20 | J116: Heated matched mold, vents and ejectors; no default cold-water cooling | K116: Rectangular block | L116: 94 | M116: 94 | N116: 47 | O116: 0.003 | P116: 30 | Q116: 30 | R116: 30 | S116: 3 | T116: 5 | U116: =L116*(1+O116)+2*P116 -> 154.282 | V116: =IF(K116="Round billet","",M116*(1+O116)+2*Q116) -> 154.282 | W116: =N116*(1+O116)+R116 -> 77.141 | X116: =ROUNDUP((U116+2*S116)/T116,0)*T116 -> 165 | Y116: =IF(K116="Round billet","",ROUNDUP((V116+2*S116)/T116,0)*T116) -> 165 | Z116: =ROUNDUP((W116+2*S116)/T116,0)*T116 -> 85 | AA116: P09-Q2-C02 | AB116: Nominal Ø94 × 47 mm inner hemisphere. Confirm draft/release and laminate/compound flow.
A117: Compression molding | B117: 101–1,000 | C117: Outer hemisphere cavity | D117: FEMALE | E117: 1 | F117: =IF(K117="Round billet","Ø"&X117&" × "&Z117,X117&" × "&Y117&" × "&Z117) -> 180 × 180 × 95 | G117: Hemispherical thermoset cover | H117: Outside Ø100 mm; depth 50 mm; wall 3 mm; open equator | I117: ='Quantity grades'!G55 -> P20 / H13 for abrasive compounds | J117: Heated matched mold, vents and ejectors; no default cold-water cooling | K117: Rectangular block | L117: 100 | M117: 100 | N117: 50 | O117: 0.003 | P117: 35 | Q117: 35 | R117: 35 | S117: 3 | T117: 5 | U117: =L117*(1+O117)+2*P117 -> 170.3 | V117: =IF(K117="Round billet","",M117*(1+O117)+2*Q117) -> 170.3 | W117: =N117*(1+O117)+R117 -> 85.15 | X117: =ROUNDUP((U117+2*S117)/T117,0)*T117 -> 180 | Y117: =IF(K117="Round billet","",ROUNDUP((V117+2*S117)/T117,0)*T117) -> 180 | Z117: =ROUNDUP((W117+2*S117)/T117,0)*T117 -> 95 | AA117: P09-Q3-C01 | AB117: Peripheral reserve includes flash/shear-edge zone; pressure and heater layout remain unvalidated.
A118: Compression molding | B118: 101–1,000 | C118: Inner hemisphere core | D118: MALE | E118: 1 | F118: =IF(K118="Round billet","Ø"&X118&" × "&Z118,X118&" × "&Y118&" × "&Z118) -> 165 × 165 × 85 | G118: Hemispherical thermoset cover | H118: Outside Ø100 mm; depth 50 mm; wall 3 mm; open equator | I118: ='Quantity grades'!G55 -> P20 / H13 for abrasive compounds | J118: Heated matched mold, vents and ejectors; no default cold-water cooling | K118: Rectangular block | L118: 94 | M118: 94 | N118: 47 | O118: 0.003 | P118: 30 | Q118: 30 | R118: 30 | S118: 3 | T118: 5 | U118: =L118*(1+O118)+2*P118 -> 154.282 | V118: =IF(K118="Round billet","",M118*(1+O118)+2*Q118) -> 154.282 | W118: =N118*(1+O118)+R118 -> 77.141 | X118: =ROUNDUP((U118+2*S118)/T118,0)*T118 -> 165 | Y118: =IF(K118="Round billet","",ROUNDUP((V118+2*S118)/T118,0)*T118) -> 165 | Z118: =ROUNDUP((W118+2*S118)/T118,0)*T118 -> 85 | AA118: P09-Q3-C02 | AB118: Nominal Ø94 × 47 mm inner hemisphere. Confirm draft/release and laminate/compound flow.
A119: Compression molding | B119: 1,001–10,000 | C119: Outer hemisphere cavity | D119: FEMALE | E119: 1 | F119: =IF(K119="Round billet","Ø"&X119&" × "&Z119,X119&" × "&Y119&" × "&Z119) -> 180 × 180 × 95 | G119: Hemispherical thermoset cover | H119: Outside Ø100 mm; depth 50 mm; wall 3 mm; open equator | I119: ='Quantity grades'!G56 -> P20 / H13 / 1.2083 | J119: Heated matched mold, vents and ejectors; no default cold-water cooling | K119: Rectangular block | L119: 100 | M119: 100 | N119: 50 | O119: 0.003 | P119: 35 | Q119: 35 | R119: 35 | S119: 3 | T119: 5 | U119: =L119*(1+O119)+2*P119 -> 170.3 | V119: =IF(K119="Round billet","",M119*(1+O119)+2*Q119) -> 170.3 | W119: =N119*(1+O119)+R119 -> 85.15 | X119: =ROUNDUP((U119+2*S119)/T119,0)*T119 -> 180 | Y119: =IF(K119="Round billet","",ROUNDUP((V119+2*S119)/T119,0)*T119) -> 180 | Z119: =ROUNDUP((W119+2*S119)/T119,0)*T119 -> 95 | AA119: P09-Q4-C01 | AB119: Peripheral reserve includes flash/shear-edge zone; pressure and heater layout remain unvalidated.
A120: Compression molding | B120: 1,001–10,000 | C120: Inner hemisphere core | D120: MALE | E120: 1 | F120: =IF(K120="Round billet","Ø"&X120&" × "&Z120,X120&" × "&Y120&" × "&Z120) -> 165 × 165 × 85 | G120: Hemispherical thermoset cover | H120: Outside Ø100 mm; depth 50 mm; wall 3 mm; open equator | I120: ='Quantity grades'!G56 -> P20 / H13 / 1.2083 | J120: Heated matched mold, vents and ejectors; no default cold-water cooling | K120: Rectangular block | L120: 94 | M120: 94 | N120: 47 | O120: 0.003 | P120: 30 | Q120: 30 | R120: 30 | S120: 3 | T120: 5 | U120: =L120*(1+O120)+2*P120 -> 154.282 | V120: =IF(K120="Round billet","",M120*(1+O120)+2*Q120) -> 154.282 | W120: =N120*(1+O120)+R120 -> 77.141 | X120: =ROUNDUP((U120+2*S120)/T120,0)*T120 -> 165 | Y120: =IF(K120="Round billet","",ROUNDUP((V120+2*S120)/T120,0)*T120) -> 165 | Z120: =ROUNDUP((W120+2*S120)/T120,0)*T120 -> 85 | AA120: P09-Q4-C02 | AB120: Nominal Ø94 × 47 mm inner hemisphere. Confirm draft/release and laminate/compound flow.
A121: Compression molding | B121: 10,001–100,000 | C121: Outer hemisphere cavity | D121: FEMALE | E121: 1 | F121: =IF(K121="Round billet","Ø"&X121&" × "&Z121,X121&" × "&Y121&" × "&Z121) -> 180 × 180 × 95 | G121: Hemispherical thermoset cover | H121: Outside Ø100 mm; depth 50 mm; wall 3 mm; open equator | I121: ='Quantity grades'!G57 -> H13 / 1.2083 | J121: Heated matched mold, vents and ejectors; no default cold-water cooling | K121: Rectangular block | L121: 100 | M121: 100 | N121: 50 | O121: 0.003 | P121: 35 | Q121: 35 | R121: 35 | S121: 3 | T121: 5 | U121: =L121*(1+O121)+2*P121 -> 170.3 | V121: =IF(K121="Round billet","",M121*(1+O121)+2*Q121) -> 170.3 | W121: =N121*(1+O121)+R121 -> 85.15 | X121: =ROUNDUP((U121+2*S121)/T121,0)*T121 -> 180 | Y121: =IF(K121="Round billet","",ROUNDUP((V121+2*S121)/T121,0)*T121) -> 180 | Z121: =ROUNDUP((W121+2*S121)/T121,0)*T121 -> 95 | AA121: P09-Q5-C01 | AB121: Peripheral reserve includes flash/shear-edge zone; pressure and heater layout remain unvalidated.
A122: Compression molding | B122: 10,001–100,000 | C122: Inner hemisphere core | D122: MALE | E122: 1 | F122: =IF(K122="Round billet","Ø"&X122&" × "&Z122,X122&" × "&Y122&" × "&Z122) -> 165 × 165 × 85 | G122: Hemispherical thermoset cover | H122: Outside Ø100 mm; depth 50 mm; wall 3 mm; open equator | I122: ='Quantity grades'!G57 -> H13 / 1.2083 | J122: Heated matched mold, vents and ejectors; no default cold-water cooling | K122: Rectangular block | L122: 94 | M122: 94 | N122: 47 | O122: 0.003 | P122: 30 | Q122: 30 | R122: 30 | S122: 3 | T122: 5 | U122: =L122*(1+O122)+2*P122 -> 154.282 | V122: =IF(K122="Round billet","",M122*(1+O122)+2*Q122) -> 154.282 | W122: =N122*(1+O122)+R122 -> 77.141 | X122: =ROUNDUP((U122+2*S122)/T122,0)*T122 -> 165 | Y122: =IF(K122="Round billet","",ROUNDUP((V122+2*S122)/T122,0)*T122) -> 165 | Z122: =ROUNDUP((W122+2*S122)/T122,0)*T122 -> 85 | AA122: P09-Q5-C02 | AB122: Nominal Ø94 × 47 mm inner hemisphere. Confirm draft/release and laminate/compound flow.
A123: Compression molding | B123: Above 100,000 | C123: Outer hemisphere cavity | D123: FEMALE | E123: 1 | F123: =IF(K123="Round billet","Ø"&X123&" × "&Z123,X123&" × "&Y123&" × "&Z123) -> 180 × 180 × 95 | G123: Hemispherical thermoset cover | H123: Outside Ø100 mm; depth 50 mm; wall 3 mm; open equator | I123: ='Quantity grades'!G58 -> H13 / 1.2083 / specialist wear steel | J123: Heated matched mold, vents and ejectors; no default cold-water cooling | K123: Rectangular block | L123: 100 | M123: 100 | N123: 50 | O123: 0.003 | P123: 35 | Q123: 35 | R123: 35 | S123: 3 | T123: 5 | U123: =L123*(1+O123)+2*P123 -> 170.3 | V123: =IF(K123="Round billet","",M123*(1+O123)+2*Q123) -> 170.3 | W123: =N123*(1+O123)+R123 -> 85.15 | X123: =ROUNDUP((U123+2*S123)/T123,0)*T123 -> 180 | Y123: =IF(K123="Round billet","",ROUNDUP((V123+2*S123)/T123,0)*T123) -> 180 | Z123: =ROUNDUP((W123+2*S123)/T123,0)*T123 -> 95 | AA123: P09-Q6-C01 | AB123: Peripheral reserve includes flash/shear-edge zone; pressure and heater layout remain unvalidated.
A124: Compression molding | B124: Above 100,000 | C124: Inner hemisphere core | D124: MALE | E124: 1 | F124: =IF(K124="Round billet","Ø"&X124&" × "&Z124,X124&" × "&Y124&" × "&Z124) -> 165 × 165 × 85 | G124: Hemispherical thermoset cover | H124: Outside Ø100 mm; depth 50 mm; wall 3 mm; open equator | I124: ='Quantity grades'!G58 -> H13 / 1.2083 / specialist wear steel | J124: Heated matched mold, vents and ejectors; no default cold-water cooling | K124: Rectangular block | L124: 94 | M124: 94 | N124: 47 | O124: 0.003 | P124: 30 | Q124: 30 | R124: 30 | S124: 3 | T124: 5 | U124: =L124*(1+O124)+2*P124 -> 154.282 | V124: =IF(K124="Round billet","",M124*(1+O124)+2*Q124) -> 154.282 | W124: =N124*(1+O124)+R124 -> 77.141 | X124: =ROUNDUP((U124+2*S124)/T124,0)*T124 -> 165 | Y124: =IF(K124="Round billet","",ROUNDUP((V124+2*S124)/T124,0)*T124) -> 165 | Z124: =ROUNDUP((W124+2*S124)/T124,0)*T124 -> 85 | AA124: P09-Q6-C02 | AB124: Nominal Ø94 × 47 mm inner hemisphere. Confirm draft/release and laminate/compound flow.
A125: Transfer molding | B125: 1–20 | C125: Cavity half | D125: FEMALE | E125: 2 | F125: =IF(K125="Round billet","Ø"&X125&" × "&Z125,X125&" × "&Y125&" × "&Z125) -> 130 × 110 × 45 | G125: Insulating block with holes | H125: 60 × 40 × 15 mm; two Ø6 mm through-holes | I125: ='Quantity grades'!G59 -> P20 with hardened wear components | J125: Heated mold; compound cure and venting govern thermal layout | K125: Rectangular block | L125: 60 | M125: 40 | N125: 7.5 | O125: 0.005 | P125: 30 | Q125: 30 | R125: 30 | S125: 3 | T125: 5 | U125: =L125*(1+O125)+2*P125 -> 120.3 | V125: =IF(K125="Round billet","",M125*(1+O125)+2*Q125) -> 100.2 | W125: =N125*(1+O125)+R125 -> 37.5375 | X125: =ROUNDUP((U125+2*S125)/T125,0)*T125 -> 130 | Y125: =IF(K125="Round billet","",ROUNDUP((V125+2*S125)/T125,0)*T125) -> 110 | Z125: =ROUNDUP((W125+2*S125)/T125,0)*T125 -> 45 | AA125: P10-Q1-C01 | AB125: Part split through its thickness; one half carries the core pins.
A126: Transfer molding | B126: 1–20 | C126: Hole core pin | D126: MALE PIN | E126: 2 | F126: =IF(K126="Round billet","Ø"&X126&" × "&Z126,X126&" × "&Y126&" × "&Z126) -> Ø9 × 43 | G126: Insulating block with holes | H126: 60 × 40 × 15 mm; two Ø6 mm through-holes | I126: Hardened H13 / 1.2083 | J126: Heated mold; compound cure and venting govern thermal layout | K126: Round billet | L126: 6 | M126: 6 | N126: 40 | O126: 0.005 | P126: 0 | Q126: 0 | R126: 0 | S126: 1 | T126: 1 | U126: =L126*(1+O126)+2*P126 -> 6.03 | V126: =IF(K126="Round billet","",M126*(1+O126)+2*Q126) | W126: =N126*(1+O126)+R126 -> 40.2 | X126: =ROUNDUP((U126+2*S126)/T126,0)*T126 -> 9 | Y126: =IF(K126="Round billet","",ROUNDUP((V126+2*S126)/T126,0)*T126) | Z126: =ROUNDUP((W126+2*S126)/T126,0)*T126 -> 43 | AA126: P10-Q1-C02 | AB126: Pin engagement and supported length require design; small stock rounded to 1 mm.
...

Sheet Quantity grades
A2: Material options by lifetime quantity
A4: Process | B4: Process family | C4: Quantity band | D4: Qty min | E4: Qty max | F4: Tooling concept | G4: Working-grade candidates | H4: Treatment | I4: Scope | J4: Selection conditions | K4: Technical background / provenance
A5: Bending | B5: Metal forming and casting | C5: 1–20 | D5: 1 | E5: 20 | F5: Standard punches and V-dies | G5: 42CrMo4 | H5: Hardened | I5: Sheet-metal press brake | J5: Standard tools can serve every volume. Select by sheet strength, thickness and contact stress. | K5: https://www.uddeholm.com/en/applications/blanking-and-forming/
A6: Bending | B6: Metal forming and casting | C6: 21–100 | D6: 21 | E6: 100 | F6: Standard punches and V-dies | G6: 42CrMo4 | H6: Hardened | I6: Sheet-metal press brake | J6: Standard tools can serve every volume. Select by sheet strength, thickness and contact stress. | K6: https://www.uddeholm.com/en/applications/blanking-and-forming/
A7: Bending | B7: Metal forming and casting | C7: 101–1,000 | D7: 101 | E7: 1000 | F7: Standard or dedicated profile tools | G7: 42CrMo4 / A2 | H7: Suitably hardened | I7: Sheet-metal press brake | J7: Standard tools can serve every volume. Select by sheet strength, thickness and contact stress. | K7: https://www.uddeholm.com/en/applications/blanking-and-forming/
A8: Bending | B8: Metal forming and casting | C8: 1,001–10,000 | D8: 1001 | E8: 10000 | F8: Dedicated tools where justified | G8: 42CrMo4 / A2 | H8: Suitably hardened | I8: Sheet-metal press brake | J8: Standard tools can serve every volume. Select by sheet strength, thickness and contact stress. | K8: https://www.uddeholm.com/en/applications/blanking-and-forming/
A9: Bending | B9: Metal forming and casting | C9: 10,001–100,000 | D9: 10001 | E9: 100000 | F9: Replaceable working inserts | G9: A2; D2 where wear dominates | H9: Hardened | I9: Sheet-metal press brake | J9: Standard tools can serve every volume. Select by sheet strength, thickness and contact stress. | K9: https://www.uddeholm.com/en/applications/blanking-and-forming/
A10: Bending | B10: Metal forming and casting | C10: Above 100,000 | D10: 100001 | F10: Automated tooling with wear inserts | G10: A2 / premium cold-work steel | H10: Hardened | I10: Sheet-metal press brake | J10: Standard tools can serve every volume. Select by sheet strength, thickness and contact stress. | K10: https://www.uddeholm.com/en/applications/blanking-and-forming/
A11: Metal extrusion | B11: Metal forming and casting | C11: 1–20 | D11: 1 | E11: 20 | F11: Trial die | G11: H13 | H11: Nitrided | I11: Hot aluminum extrusion | J11: Count comparable cut pieces; also assess meters, tonnes and profile complexity. Other alloys require separate selection. | K11: https://www.uddeholm.com/us/en-us/applications/extrusion-of-metal-en-us/
A12: Metal extrusion | B12: Metal forming and casting | C12: 21–100 | D12: 21 | E12: 100 | F12: Single-profile die | G12: H13 | H12: Nitrided | I12: Hot aluminum extrusion | J12: Count comparable cut pieces; also assess meters, tonnes and profile complexity. Other alloys require separate selection. | K12: https://www.uddeholm.com/us/en-us/applications/extrusion-of-metal-en-us/
A13: Metal extrusion | B13: Metal forming and casting | C13: 101–1,000 | D13: 101 | E13: 1000 | F13: Production die | G13: H13 | H13: Nitrided | I13: Hot aluminum extrusion | J13: Count comparable cut pieces; also assess meters, tonnes and profile complexity. Other alloys require separate selection. | K13: https://www.uddeholm.com/us/en-us/applications/extrusion-of-metal-en-us/
A14: Metal extrusion | B14: Metal forming and casting | C14: 1,001–10,000 | D14: 1001 | E14: 10000 | F14: Supported production die | G14: H13 | H14: Nitrided | I14: Hot aluminum extrusion | J14: Count comparable cut pieces; also assess meters, tonnes and profile complexity. Other alloys require separate selection. | K14: https://www.uddeholm.com/us/en-us/applications/extrusion-of-metal-en-us/
A15: Metal extrusion | B15: Metal forming and casting | C15: 10,001–100,000 | D15: 10001 | E15: 100000 | F15: Optimized production die | G15: H13 / H13 ESR | H15: Controlled heat treatment and nitriding | I15: Hot aluminum extrusion | J15: Count comparable cut pieces; also assess meters, tonnes and profile complexity. Other alloys require separate selection. | K15: https://www.uddeholm.com/us/en-us/applications/extrusion-of-metal-en-us/
A16: Metal extrusion | B16: Metal forming and casting | C16: Above 100,000 | D16: 100001 | F16: Optimized die with planned replacements | G16: H13 ESR / specialist hot-work steel | H16: Controlled heat treatment and surface treatment | I16: Hot aluminum extrusion | J16: Count comparable cut pieces; also assess meters, tonnes and profile complexity. Other alloys require separate selection. | K16: https://www.uddeholm.com/us/en-us/applications/extrusion-of-metal-en-us/
A17: Die casting | B17: Metal forming and casting | C17: 1–20 | D17: 1 | E17: 20 | F17: Single-cavity insert in reusable base | G17: H13 | H17: Heat treated | I17: High-pressure aluminum die casting | J17: Low-volume dedicated tooling may be uneconomical. Alloy, thermal fatigue and cooling govern selection. | K17: https://www.uddeholm.com/us/en-us/applications/die-casting-en-us/
A18: Die casting | B18: Metal forming and casting | C18: 21–100 | D18: 21 | E18: 100 | F18: Single-cavity insert in reusable base | G18: H13 | H18: Heat treated | I18: High-pressure aluminum die casting | J18: Low-volume dedicated tooling may be uneconomical. Alloy, thermal fatigue and cooling govern selection. | K18: https://www.uddeholm.com/us/en-us/applications/die-casting-en-us/
A19: Die casting | B19: Metal forming and casting | C19: 101–1,000 | D19: 101 | E19: 1000 | F19: Dedicated single-cavity die | G19: H13 | H19: Heat treated | I19: High-pressure aluminum die casting | J19: Low-volume dedicated tooling may be uneconomical. Alloy, thermal fatigue and cooling govern selection. | K19: https://www.uddeholm.com/us/en-us/applications/die-casting-en-us/
A20: Die casting | B20: Metal forming and casting | C20: 1,001–10,000 | D20: 1001 | E20: 10000 | F20: Production die with cooling and slides | G20: H13; ESR where required | H20: Heat treated | I20: High-pressure aluminum die casting | J20: Low-volume dedicated tooling may be uneconomical. Alloy, thermal fatigue and cooling govern selection. | K20: https://www.uddeholm.com/us/en-us/applications/die-casting-en-us/
A21: Die casting | B21: Metal forming and casting | C21: 10,001–100,000 | D21: 10001 | E21: 100000 | F21: Optimized production die | G21: H13 ESR | H21: Qualified heat treatment | I21: High-pressure aluminum die casting | J21: Low-volume dedicated tooling may be uneconomical. Alloy, thermal fatigue and cooling govern selection. | K21: https://www.uddeholm.com/us/en-us/applications/die-casting-en-us/
A22: Die casting | B22: Metal forming and casting | C22: Above 100,000 | D22: 100001 | F22: Replaceable cavity inserts; multiple cavities if justified | G22: H13 ESR / Dievar | H22: Qualified heat treatment | I22: High-pressure aluminum die casting | J22: Low-volume dedicated tooling may be uneconomical. Alloy, thermal fatigue and cooling govern selection. | K22: https://www.uddeholm.com/us/en-us/applications/die-casting-en-us/
A23: Sand casting | B23: Metal forming and casting | C23: 1–20 | D23: 1 | E23: 20 | F23: Loose pattern or printed sand mold | G23: Wood / tooling resin; sand for printed mold | H23: Seal pattern surfaces | I23: Reusable patterns and core boxes | J23: Patterns make expendable sand molds and normally do not contact molten metal. | K23: Prior discussion: indicative engineering selection, not a supplier specification
A24: Sand casting | B24: Metal forming and casting | C24: 21–100 | D24: 21 | E24: 100 | F24: Loose pattern and core boxes | G24: Wood / polyurethane tooling board / epoxy | H24: Seal and protect surfaces | I24: Reusable patterns and core boxes | J24: Patterns make expendable sand molds and normally do not contact molten metal. | K24: Prior discussion: indicative engineering selection, not a supplier specification
A25: Sand casting | B25: Metal forming and casting | C25: 101–1,000 | D25: 101 | E25: 1000 | F25: Durable patterns and core boxes | G25: Epoxy tooling resin / 6061 aluminum | H25: Wear protection as required | I25: Reusable patterns and core boxes | J25: Patterns make expendable sand molds and normally do not contact molten metal. | K25: Prior discussion: indicative engineering selection, not a supplier specification
A26: Sand casting | B26: Metal forming and casting | C26: 1,001–10,000 | D26: 1001 | E26: 10000 | F26: Matchplates and core boxes | G26: Aluminum | H26: Surface finish to suit molding | I26: Reusable patterns and core boxes | J26: Patterns make expendable sand molds and normally do not contact molten metal. | K26: Prior discussion: indicative engineering selection, not a supplier specification
A27: Sand casting | B27: Metal forming and casting | C27: 10,001–100,000 | D27: 10001 | E27: 100000 | F27: Production patterns with wear inserts | G27: Aluminum / cast iron | H27: Wear protection as required | I27: Reusable patterns and core boxes | J27: Patterns make expendable sand molds and normally do not contact molten metal. | K27: Prior discussion: indicative engineering selection, not a supplier specification
A28: Sand casting | B28: Metal forming and casting | C28: Above 100,000 | D28: 100001 | F28: Automated pattern equipment | G28: Aluminum with steel inserts / cast iron / steel | H28: Durable working surfaces | I28: Reusable patterns and core boxes | J28: Patterns make expendable sand molds and normally do not contact molten metal. | K28: Prior discussion: indicative engineering selection, not a supplier specification
A29: Investment casting | B29: Metal forming and casting | C29: 1–20 | D29: 1 | E29: 20 | F29: Printed expendable patterns; no permanent wax die | G29: Castable pattern wax/resin | H29: Qualified burnout system | I29: Wax-pattern tooling | J29: Aluminum remains viable above 100,000 patterns. Ceramic-core tooling has separate abrasion requirements. | K29: https://www.texmoblank.com/investment-casting/tooling
A30: Investment casting | B30: Metal forming and casting | C30: 21–100 | D30: 21 | E30: 100 | F30: Printed patterns or simple wax die | G30: Castable pattern wax/resin / 6061 aluminum | H30: Finish suitable for wax release | I30: Wax-pattern tooling | J30: Aluminum remains viable above 100,000 patterns. Ceramic-core tooling has separate abrasion requirements. | K30: https://www.texmoblank.com/investment-casting/tooling
A31: Investment casting | B31: Metal forming and casting | C31: 101–1,000 | D31: 101 | E31: 1000 | F31: Single-cavity wax die | G31: 6061 / 7075 aluminum | H31: Finish suitable for wax release | I31: Wax-pattern tooling | J31: Aluminum remains viable above 100,000 patterns. Ceramic-core tooling has separate abrasion requirements. | K31: https://www.texmoblank.com/investment-casting/tooling
A32: Investment casting | B32: Metal forming and casting | C32: 1,001–10,000 | D32: 1001 | E32: 10000 | F32: Production wax die with slides as needed | G32: Aluminum | H32: Local wear protection | I32: Wax-pattern tooling | J32: Aluminum remains viable above 100,000 patterns. Ceramic-core tooling has separate abrasion requirements. | K32: https://www.texmoblank.com/investment-casting/tooling
A33: Investment casting | B33: Metal forming and casting | C33: 10,001–100,000 | D33: 10001 | E33: 100000 | F33: Automated or multicavity wax tooling | G33: Aluminum with steel wear inserts | H33: Hardened wear inserts | I33: Wax-pattern tooling | J33: Aluminum remains viable above 100,000 patterns. Ceramic-core tooling has separate abrasion requirements. | K33: https://www.texmoblank.com/investment-casting/tooling
A34: Investment casting | B34: Metal forming and casting | C34: Above 100,000 | D34: 100001 | F34: Durable wax tooling with replaceable inserts | G34: Aluminum with steel wear inserts | H34: Hardened wear inserts | I34: Wax-pattern tooling | J34: Aluminum remains viable above 100,000 patterns. Ceramic-core tooling has separate abrasion requirements. | K34: https://www.texmoblank.com/investment-casting/tooling
A35: Closed die forging | B35: Metal forming and casting | C35: 1–20 | D35: 1 | E35: 20 | F35: Simple dedicated dies | G35: H13 / 1.2714 | H35: Heat treated | I35: Hot closed-die forging | J35: Select by forged alloy, die size and press/hammer loading. Cold forging requires a separate assessment. | K35: https://www.uddeholm.com/app/uploads/sites/240/2024/05/Tech-Uddeholm-Forging-EN-1.pdf
A36: Closed die forging | B36: Metal forming and casting | C36: 21–100 | D36: 21 | E36: 100 | F36: Simple blocker and finisher dies | G36: H13 / 1.2714 | H36: Heat treated | I36: Hot closed-die forging | J36: Select by forged alloy, die size and press/hammer loading. Cold forging requires a separate assessment. | K36: https://www.uddeholm.com/app/uploads/sites/240/2024/05/Tech-Uddeholm-Forging-EN-1.pdf
A37: Closed die forging | B37: Metal forming and casting | C37: 101–1,000 | D37: 101 | E37: 1000 | F37: Dedicated die set | G37: H13 / H11 / 1.2714 | H37: Heat treated | I37: Hot closed-die forging | J37: Select by forged alloy, die size and press/hammer loading. Cold forging requires a separate assessment. | K37: https://www.uddeholm.com/app/uploads/sites/240/2024/05/Tech-Uddeholm-Forging-EN-1.pdf
A38: Closed die forging | B38: Metal forming and casting | C38: 1,001–10,000 | D38: 1001 | E38: 10000 | F38: Production dies and trimming tools | G38: H13 / H11 / 1.2714 | H38: Grade selected separately for trimming | I38: Hot closed-die forging | J38: Select by forged alloy, die size and press/hammer loading. Cold forging requires a separate assessment. | K38: https://www.uddeholm.com/app/uploads/sites/240/2024/05/Tech-Uddeholm-Forging-EN-1.pdf
A39: Closed die forging | B39: Metal forming and casting | C39: 10,001–100,000 | D39: 10001 | E39: 100000 | F39: Replaceable die inserts | G39: H13; premium quality if justified | H39: Qualified heat treatment | I39: Hot closed-die forging | J39: Select by forged alloy, die size and press/hammer loading. Cold forging requires a separate assessment. | K39: https://www.uddeholm.com/app/uploads/sites/240/2024/05/Tech-Uddeholm-Forging-EN-1.pdf
A40: Closed die forging | B40: Metal forming and casting | C40: Above 100,000 | D40: 100001 | F40: Production inserts with refurbishment plan | G40: H13 ESR / Dievar / Formvar | H40: Qualified heat treatment | I40: Hot closed-die forging | J40: Select by forged alloy, die size and press/hammer loading. Cold forging requires a separate assessment. | K40: https://www.uddeholm.com/app/uploads/sites/240/2024/05/Tech-Uddeholm-Forging-EN-1.pdf
A41: Plastic extrusion | B41: Plastics processing | C41: 1–20 | D41: 1 | E41: 20 | F41: Trial die | G41: P20 for suitable unfilled resin | H41: Prehardened | I41: Profile die and calibration tooling | J41: Resin corrosion and fillers may require upgraded tooling at any volume. Screw/barrel metallurgy is separate. | K41: https://www.us.bohler.com/en-us/product-category/plastic-mold-steels-en-us/
A42: Plastic extrusion | B42: Plastics processing | C42: 21–100 | D42: 21 | E42: 100 | F42: Simple die and calibrator | G42: P20 | H42: Prehardened | I42: Profile die and calibration tooling | J42: Resin corrosion and fillers may require upgraded tooling at any volume. Screw/barrel metallurgy is separate. | K42: https://www.us.bohler.com/en-us/product-category/plastic-mold-steels-en-us/
A43: Plastic extrusion | B43: Plastics processing | C43: 101–1,000 | D43: 101 | E43: 1000 | F43: Dedicated die | G43: P20; stainless if required | H43: Condition selected by resin | I43: Profile die and calibration tooling | J43: Resin corrosion and fillers may require upgraded tooling at any volume. Screw/barrel metallurgy is separate. | K43: https://www.us.bohler.com/en-us/product-category/plastic-mold-steels-en-us/
A44: Plastic extrusion | B44: Plastics processing | C44: 1,001–10,000 | D44: 1001 | E44: 10000 | F44: Production die | G44: P20 / 1.2083 | H44: Harden stainless where required | I44: Profile die and calibration tooling | J44: Resin corrosion and fillers may require upgraded tooling at any volume. Screw/barrel metallurgy is separate. | K44: https://www.us.bohler.com/en-us/product-category/plastic-mold-steels-en-us/
A45: Plastic extrusion | B45: Plastics processing | C45: 10,001–100,000 | D45: 10001 | E45: 100000 | F45: Replaceable die lips | G45: P20 / hardened 1.2083; wear grades if filled | H45: Resin-specific surface treatment | I45: Profile die and calibration tooling | J45: Resin corrosion and fillers may require upgraded tooling at any volume. Screw/barrel metallurgy is separate. | K45: https://www.us.bohler.com/en-us/product-category/plastic-mold-steels-en-us/
A46: Plastic extrusion | B46: Plastics processing | C46: Above 100,000 | D46: 100001 | F46: Optimized die and wear inserts | G46: Hardened 1.2083 / specialist wear-resistant grades | H46: Qualified surface treatment | I46: Profile die and calibration tooling | J46: Resin corrosion and fillers may require upgraded tooling at any volume. Screw/barrel metallurgy is separate. | K46: https://www.us.bohler.com/en-us/product-category/plastic-mold-steels-en-us/
A47: Blow molding | B47: Plastics processing | C47: 1–20 | D47: 1 | E47: 20 | F47: Simple single-cavity mold | G47: 6061 aluminum | H47: Machined and finished | I47: Blow mold; architecture depends on process | J47: Aluminum may remain optimal at high volume for cooling. PET stretch and extrusion blow molding differ. | K47: https://www.us.bohler.com/en-us/product-category/plastic-mold-steels-en-us/
A48: Blow molding | B48: Plastics processing | C48: 21–100 | D48: 21 | E48: 100 | F48: Single-cavity mold | G48: 6061 aluminum | H48: Machined and finished | I48: Blow mold; architecture depends on process | J48: Aluminum may remain optimal at high volume for cooling. PET stretch and extrusion blow molding differ. | K48: https://www.us.bohler.com/en-us/product-category/plastic-mold-steels-en-us/
A49: Blow molding | B49: Plastics processing | C49: 101–1,000 | D49: 101 | E49: 1000 | F49: Cooled production mold | G49: 6061 / 7075 aluminum | H49: Machined and finished | I49: Blow mold; architecture depends on process | J49: Aluminum may remain optimal at high volume for cooling. PET stretch and extrusion blow molding differ. | K49: https://www.us.bohler.com/en-us/product-category/plastic-mold-steels-en-us/
A50: Blow molding | B50: Plastics processing | C50: 1,001–10,000 | D50: 1001 | E50: 10000 | F50: Production mold with neck/pinch-off inserts | G50: Aluminum with steel inserts | H50: Harden local wear inserts | I50: Blow mold; architecture depends on process | J50: Aluminum may remain optimal at high volume for cooling. PET stretch and extrusion blow molding differ. | K50: https://www.us.bohler.com/en-us/product-category/plastic-mold-steels-en-us/
A51: Blow molding | B51: Plastics processing | C51: 10,001–100,000 | D51: 10001 | E51: 100000 | F51: Multicavity or multistation molds | G51: Aluminum with hardened steel inserts | H51: Harden local wear inserts | I51: Blow mold; architecture depends on process | J51: Aluminum may remain optimal at high volume for cooling. PET stretch and extrusion blow molding differ. | K51: https://www.us.bohler.com/en-us/product-category/plastic-mold-steels-en-us/
A52: Blow molding | B52: Plastics processing | C52: Above 100,000 | D52: 100001 | F52: High-conductivity molds with wear inserts | G52: Aluminum; H13 / stainless wear inserts | H52: Harden local wear inserts | I52: Blow mold; architecture depends on process | J52: Aluminum may remain optimal at high volume for cooling. PET stretch and extrusion blow molding differ. | K52: https://www.us.bohler.com/en-us/product-category/plastic-mold-steels-en-us/
A53: Compression molding | B53: Plastics processing | C53: 1–20 | D53: 1 | E53: 20 | F53: Matched tool; aluminum only for qualified light-duty trials | G53: P20; aluminum for suitable trials | H53: Prehardened P20 | I53: Thermoset compound baseline | J53: Glass/mineral-filled compounds can require hard tooling even for 1–20 parts. Qualify temperature and pressure. | K53: https://www.us.bohler.com/en-us/product-category/plastic-mold-steels-en-us/
A54: Compression molding | B54: Plastics processing | C54: 21–100 | D54: 21 | E54: 100 | F54: Simple heated mold | G54: P20 | H54: Prehardened | I54: Thermoset compound baseline | J54: Glass/mineral-filled compounds can require hard tooling even for 1–20 parts. Qualify temperature and pressure. | K54: https://www.us.bohler.com/en-us/product-category/plastic-mold-steels-en-us/
A55: Compression molding | B55: Plastics processing | C55: 101–1,000 | D55: 101 | E55: 1000 | F55: Matched mold | G55: P20 / H13 for abrasive compounds | H55: Harden H13 | I55: Thermoset compound baseline | J55: Glass/mineral-filled compounds can require hard tooling even for 1–20 parts. Qualify temperature and pressure. | K55: https://www.us.bohler.com/en-us/product-category/plastic-mold-steels-en-us/
A56: Compression molding | B56: Plastics processing | C56: 1,001–10,000 | D56: 1001 | E56: 10000 | F56: Production mold | G56: P20 / H13 / 1.2083 | H56: Compound-specific hardening | I56: Thermoset compound baseline | J56: Glass/mineral-filled compounds can require hard tooling even for 1–20 parts. Qualify temperature and pressure. | K56: https://www.us.bohler.com/en-us/product-category/plastic-mold-steels-en-us/
A57: Compression molding | B57: Plastics processing | C57: 10,001–100,000 | D57: 10001 | E57: 100000 | F57: Production tool for demanding duty | G57: H13 / 1.2083 | H57: Hardened working surfaces | I57: Thermoset compound baseline | J57: Glass/mineral-filled compounds can require hard tooling even for 1–20 parts. Qualify temperature and pressure. | K57: https://www.us.bohler.com/en-us/product-category/plastic-mold-steels-en-us/
A58: Compression molding | B58: Plastics processing | C58: Above 100,000 | D58: 100001 | F58: Multicavity or automated tool | G58: H13 / 1.2083 / specialist wear steel | H58: Hardened and surface-treated as needed | I58: Thermoset compound baseline | J58: Glass/mineral-filled compounds can require hard tooling even for 1–20 parts. Qualify temperature and pressure. | K58: https://www.us.bohler.com/en-us/product-category/plastic-mold-steels-en-us/
A59: Transfer molding | B59: Plastics processing | C59: 1–20 | D59: 1 | E59: 20 | F59: Single-cavity mold with transfer pot and plunger | G59: P20 with hardened wear components | H59: Harden pot/plunger surfaces | I59: Thermoset compound baseline | J59: Concentrated wear at pot, plunger, runners and gates. Electronics encapsulation can need specialized grades. | K59: https://www.us.bohler.com/en-us/product-category/plastic-mold-steels-en-us/
A60: Transfer molding | B60: Plastics processing | C60: 21–100 | D60: 21 | E60: 100 | F60: Simple mold with hardened inserts | G60: P20 with hardened wear components | H60: Harden transfer components | I60: Thermoset compound baseline | J60: Concentrated wear at pot, plunger, runners and gates. Electronics encapsulation can need specialized grades. | K60: https://www.us.bohler.com/en-us/product-category/plastic-mold-steels-en-us/
A61: Transfer molding | B61: Plastics processing | C61: 101–1,000 | D61: 101 | E61: 1000 | F61: Mold with hardened gates and transfer components | G61: P20 / H13 cavities | H61: Harden wear components | I61: Thermoset compound baseline | J61: Concentrated wear at pot, plunger, runners and gates. Electronics encapsulation can need specialized grades. | K61: https://www.us.bohler.com/en-us/product-category/plastic-mold-steels-en-us/
A62: Transfer molding | B62: Plastics processing | C62: 1,001–10,000 | D62: 1001 | E62: 10000 | F62: Production mold inserts | G62: H13 / 1.2083 | H62: Hardened | I62: Thermoset compound baseline | J62: Concentrated wear at pot, plunger, runners and gates. Electronics encapsulation can need specialized grades. | K62: https://www.us.bohler.com/en-us/product-category/plastic-mold-steels-en-us/
A63: Transfer molding | B63: Plastics processing | C63: 10,001–100,000 | D63: 10001 | E63: 100000 | F63: Multicavity mold with replaceable wear parts | G63: H13 / 1.2083 | H63: Hardened | I63: Thermoset compound baseline | J63: Concentrated wear at pot, plunger, runners and gates. Electronics encapsulation can need specialized grades. | K63: https://www.us.bohler.com/en-us/product-category/plastic-mold-steels-en-us/
A64: Transfer molding | B64: Plastics processing | C64: Above 100,000 | D64: 100001 | F64: Automated multicavity tooling | G64: Premium hardened mold steel / wear-resistant inserts | H64: Qualified hardening and coating | I64: Thermoset compound baseline | J64: Concentrated wear at pot, plunger, runners and gates. Electronics encapsulation can need specialized grades. | K64: https://www.us.bohler.com/en-us/product-category/plastic-mold-steels-en-us/
A65: Rotational molding | B65: Plastics processing | C65: 1–20 | D65: 1 | E65: 20 | F65: Fabricated sheet mold or machined mold | G65: DC01-type sheet steel / 6061 aluminum | H65: Finished mold surface | I65: Low-pressure heated shell molds | J65: Increase mold count and optimize heat transfer. Higher volume does not normally require hardened tool steel. | K65: https://www.rotomolding.org/design-guide-pt1-ch4
A66: Rotational molding | B66: Plastics processing | C66: 21–100 | D66: 21 | E66: 100 | F66: Fabricated or cast mold | G66: Steel / A356 aluminum | H66: Finished mold surface | I66: Low-pressure heated shell molds | J66: Increase mold count and optimize heat transfer. Higher volume does not normally require hardened tool steel. | K66: https://www.rotomolding.org/design-guide-pt1-ch4
A67: Rotational molding | B67: Plastics processing | C67: 101–1,000 | D67: 101 | E67: 1000 | F67: Cast, machined or fabricated mold | G67: A356 / machined aluminum / steel | H67: Finished mold surface | I67: Low-pressure heated shell molds | J67: Increase mold count and optimize heat transfer. Higher volume does not normally require hardened tool steel. | K67: https://www.rotomolding.org/design-guide-pt1-ch4
A68: Rotational molding | B68: Plastics processing | C68: 1,001–10,000 | D68: 1001 | E68: 10000 | F68: Robust frames and closures; additional molds | G68: Aluminum / steel | H68: Durable closures and parting surfaces | I68: Low-pressure heated shell molds | J68: Increase mold count and optimize heat transfer. Higher volume does not normally require hardened tool steel. | K68: https://www.rotomolding.org/design-guide-pt1-ch4
A69: Rotational molding | B69: Plastics processing | C69: 10,001–100,000 | D69: 10001 | E69: 100000 | F69: Multiple optimized molds | G69: Aluminum / steel | H69: Maintain surfaces and closures | I69: Low-pressure heated shell molds | J69: Increase mold count and optimize heat transfer. Higher volume does not normally require hardened tool steel. | K69: https://www.rotomolding.org/design-guide-pt1-ch4
A70: Rotational molding | B70: Plastics processing | C70: Above 100,000 | D70: 100001 | F70: Fleet of production molds | G70: Aluminum / steel | H70: Maintain surfaces and closures | I70: Low-pressure heated shell molds | J70: Increase mold count and optimize heat transfer. Higher volume does not normally require hardened tool steel. | K70: https://www.rotomolding.org/design-guide-pt1-ch4
A71: Powder metallurgy — press and sinter | B71: Powder metallurgy and composites | C71: 1–20 | D71: 1 | E71: 20 | F71: Simple compaction die and punches | G71: A2 / D2 | H71: Hardened | I71: Powder compaction tooling | J71: Specify carbide binder and grain size. Die, punch and core rod may need different materials. | K71: https://www.hyperionmt.com/en/products/forming-tools/compaction-components/
A72: Powder metallurgy — press and sinter | B72: Powder metallurgy and composites | C72: 21–100 | D72: 21 | E72: 100 | F72: Dedicated compaction tool set | G72: A2 / D2 | H72: Hardened | I72: Powder compaction tooling | J72: Specify carbide binder and grain size. Die, punch and core rod may need different materials. | K72: https://www.hyperionmt.com/en/products/forming-tools/compaction-components/
A73: Powder metallurgy — press and sinter | B73: Powder metallurgy and composites | C73: 101–1,000 | D73: 101 | E73: 1000 | F73: Compaction tool set | G73: D2 / M2; carbide if powder demands | H73: Hardened steel | I73: Powder compaction tooling | J73: Specify carbide binder and grain size. Die, punch and core rod may need different materials. | K73: https://www.hyperionmt.com/en/products/forming-tools/compaction-components/
A74: Powder metallurgy — press and sinter | B74: Powder metallurgy and composites | C74: 1,001–10,000 | D74: 1001 | E74: 10000 | F74: Tool set with die inserts if justified | G74: D2 / M2 with WC-Co inserts | H74: Hardened steel and selected carbide | I74: Powder compaction tooling | J74: Specify carbide binder and grain size. Die, punch and core rod may need different materials. | K74: https://www.hyperionmt.com/en/products/forming-tools/compaction-components/
A75: Powder metallurgy — press and sinter | B75: Powder metallurgy and composites | C75: 10,001–100,000 | D75: 10001 | E75: 100000 | F75: Carbide die liners and durable punches | G75: WC-Co liners; tool steel / PM-steel punches | H75: Application-specific grades | I75: Powder compaction tooling | J75: Specify carbide binder and grain size. Die, punch and core rod may need different materials. | K75: https://www.hyperionmt.com/en/products/forming-tools/compaction-components/
A76: Powder metallurgy — press and sinter | B76: Powder metallurgy and composites | C76: Above 100,000 | D76: 100001 | F76: Engineered modular compaction tooling | G76: WC-Co carbide and PM tool steel | H76: Application-specific grades | I76: Powder compaction tooling | J76: Specify carbide binder and grain size. Die, punch and core rod may need different materials. | K76: https://www.hyperionmt.com/en/products/forming-tools/compaction-components/
A77: Metal injection molding — MIM | B77: Powder metallurgy and composites | C77: 1–20 | D77: 1 | E77: 20 | F77: Single-cavity trial insert | G77: P20; hard inserts if needed | H77: Feedstock-specific wear protection | I77: Powder/binder injection molding | J77: Mold does not see sintering temperature. Debinding and sintering fixtures require separate selection. | K77: Prior discussion: indicative engineering selection, not a supplier specification
A78: Metal injection molding — MIM | B78: Powder metallurgy and composites | C78: 21–100 | D78: 21 | E78: 100 | F78: Single-cavity mold | G78: P20 / H13 | H78: Harden H13 as needed | I78: Powder/binder injection molding | J78: Mold does not see sintering temperature. Debinding and sintering fixtures require separate selection. | K78: Prior discussion: indicative engineering selection, not a supplier specification
A79: Metal injection molding — MIM | B79: Powder metallurgy and composites | C79: 101–1,000 | D79: 101 | E79: 1000 | F79: Single-cavity production mold | G79: P20 / hardened H13 | H79: Feedstock-specific | I79: Powder/binder injection molding | J79: Mold does not see sintering temperature. Debinding and sintering fixtures require separate selection. | K79: Prior discussion: indicative engineering selection, not a supplier specification
A80: Metal injection molding — MIM | B80: Powder metallurgy and composites | C80: 1,001–10,000 | D80: 1001 | E80: 10000 | F80: Hardened cavity and core tooling | G80: H13 / 1.2083 | H80: Hardened | I80: Powder/binder injection molding | J80: Mold does not see sintering temperature. Debinding and sintering fixtures require separate selection. | K80: Prior discussion: indicative engineering selection, not a supplier specification
A81: Metal injection molding — MIM | B81: Powder metallurgy and composites | C81: 10,001–100,000 | D81: 10001 | E81: 100000 | F81: Multicavity production mold | G81: H13 / 1.2083 | H81: Hardened | I81: Powder/binder injection molding | J81: Mold does not see sintering temperature. Debinding and sintering fixtures require separate selection. | K81: Prior discussion: indicative engineering selection, not a supplier specification
A82: Metal injection molding — MIM | B82: Powder metallurgy and composites | C82: Above 100,000 | D82: 100001 | F82: Production mold with durable wear inserts | G82: Premium hardened steel / PM tool steel; localized carbide | H82: Qualified wear treatments | I82: Powder/binder injection molding | J82: Mold does not see sintering temperature. Debinding and sintering fixtures require separate selection. | K82: Prior discussion: indicative engineering selection, not a supplier specification
A83: Composite molding | B83: Powder metallurgy and composites | C83: 1–20 | D83: 1 | E83: 20 | F83: One-sided or simple matched mold | G83: Temperature-rated epoxy board / glass-epoxy / aluminum | H83: Qualify cure temperature | I83: Lay-up, infusion, RTM or autoclave | J83: Cure temperature, pressure and expansion govern grade. Invar can be required for a single precision part. | K83: https://touchstoneac.com/metal-composite-tooling/
A84: Composite molding | B84: Powder metallurgy and composites | C84: 21–100 | D84: 21 | E84: 100 | F84: Durable lay-up or infusion tooling | G84: Glass-epoxy / carbon-epoxy / 6061 aluminum | H84: Qualify cure and thermal expansion | I84: Lay-up, infusion, RTM or autoclave | J84: Cure temperature, pressure and expansion govern grade. Invar can be required for a single precision part. | K84: https://touchstoneac.com/metal-composite-tooling/
A85: Composite molding | B85: Powder metallurgy and composites | C85: 101–1,000 | D85: 101 | E85: 1000 | F85: Composite or metallic production tooling | G85: Carbon-epoxy / aluminum; P20 for suitable RTM | H85: Process-specific | I85: Lay-up, infusion, RTM or autoclave | J85: Cure temperature, pressure and expansion govern grade. Invar can be required for a single precision part. | K85: https://touchstoneac.com/metal-composite-tooling/
A86: Composite molding | B86: Powder metallurgy and composites | C86: 1,001–10,000 | D86: 1001 | E86: 10000 | F86: Durable production tooling | G86: Carbon-epoxy / P20 / Invar 36 | H86: Process-specific | I86: Lay-up, infusion, RTM or autoclave | J86: Cure temperature, pressure and expansion govern grade. Invar can be required for a single precision part. | K86: https://touchstoneac.com/metal-composite-tooling/
A87: Composite molding | B87: Powder metallurgy and composites | C87: 10,001–100,000 | D87: 10001 | E87: 100000 | F87: Multiple durable production molds | G87: P20 / Invar 36 / qualified composite | H87: Process-specific | I87: Lay-up, infusion, RTM or autoclave | J87: Cure temperature, pressure and expansion govern grade. Invar can be required for a single precision part. | K87: https://touchstoneac.com/metal-composite-tooling/
A88: Composite molding | B88: Powder metallurgy and composites | C88: Above 100,000 | D88: 100001 | F88: Automated matched tooling where suitable | G88: Steel; Invar 36 where thermal accuracy requires | H88: Process-specific | I88: Lay-up, infusion, RTM or autoclave | J88: Cure temperature, pressure and expansion govern grade. Invar can be required for a single precision part. | K88: https://touchstoneac.com/metal-composite-tooling/
A89: Pultrusion | B89: Powder metallurgy and composites | C89: 1–20 | D89: 1 | E89: 20 | F89: Heated trial die with guides | G89: P20 / suitable tool steel | H89: Polished | I89: Heated continuous-profile die | J89: Consider cumulative meters and fiber abrasion, not just piece count. Qualify die grade and coating together. | K89: Prior discussion: indicative engineering selection, not a supplier specification
A90: Pultrusion | B90: Powder metallurgy and composites | C90: 21–100 | D90: 21 | E90: 100 | F90: Simple heated die | G90: P20 / D2 | H90: Polished | I90: Heated continuous-profile die | J90: Consider cumulative meters and fiber abrasion, not just piece count. Qualify die grade and coating together. | K90: Prior discussion: indicative engineering selection, not a supplier specification
A91: Pultrusion | B91: Powder metallurgy and composites | C91: 101–1,000 | D91: 101 | E91: 1000 | F91: Durable heated die | G91: D2 where abrasion warrants | H91: Polished and hardened as needed | I91: Heated continuous-profile die | J91: Consider cumulative meters and fiber abrasion, not just piece count. Qualify die grade and coating together. | K91: Prior discussion: indicative engineering selection, not a supplier specification
A92: Pultrusion | B92: Powder metallurgy and composites | C92: 1,001–10,000 | D92: 1001 | E92: 10000 | F92: Production die | G92: D2 | H92: Hardened and surface-treated | I92: Heated continuous-profile die | J92: Consider cumulative meters and fiber abrasion, not just piece count. Qualify die grade and coating together. | K92: Prior discussion: indicative engineering selection, not a supplier specification
A93: Pultrusion | B93: Powder metallurgy and composites | C93: 10,001–100,000 | D93: 10001 | E93: 100000 | F93: Die with replaceable wear sections | G93: D2 / specialist wear steel | H93: Coated and polished | I93: Heated continuous-profile die | J93: Consider cumulative meters and fiber abrasion, not just piece count. Qualify die grade and coating together. | K93: Prior discussion: indicative engineering selection, not a supplier specification
A94: Pultrusion | B94: Powder metallurgy and composites | C94: Above 100,000 | D94: 100001 | F94: Optimized wear-resistant die | G94: D2 / specialist steel; localized carbide | H94: Qualified coating and finish | I94: Heated continuous-profile die | J94: Consider cumulative meters and fiber abrasion, not just piece count. Qualify die grade and coating together. | K94: Prior discussion: indicative engineering selection, not a supplier specification
A95: Punching / blanking | B95: Sheet-metal cutting and forming | C95: 1–20 | D95: 1 | E95: 20 | F95: Standard turret tooling or simple punch/die | G95: A2 / D2 | H95: Hardened | I95: Cold sheet cutting | J95: Clearance, sheet strength and chipping risk control grade. Carbide requires suitable geometry and alignment. | K95: https://www.uddeholm.com/en/applications/blanking-and-forming/
A96: Punching / blanking | B96: Sheet-metal cutting and forming | C96: 21–100 | D96: 21 | E96: 100 | F96: Standard or dedicated punch/die | G96: A2 / D2 | H96: Hardened | I96: Cold sheet cutting | J96: Clearance, sheet strength and chipping risk control grade. Carbide requires suitable geometry and alignment. | K96: https://www.uddeholm.com/en/applications/blanking-and-forming/
A97: Punching / blanking | B97: Sheet-metal cutting and forming | C97: 101–1,000 | D97: 101 | E97: 1000 | F97: Dedicated cutting inserts | G97: A2 / D2 / M2 | H97: Hardened | I97: Cold sheet cutting | J97: Clearance, sheet strength and chipping risk control grade. Carbide requires suitable geometry and alignment. | K97: https://www.uddeholm.com/en/applications/blanking-and-forming/
A98: Punching / blanking | B98: Sheet-metal cutting and forming | C98: 1,001–10,000 | D98: 1001 | E98: 10000 | F98: Guided die set | G98: D2 / M2; tougher grade if needed | H98: Hardened | I98: Cold sheet cutting | J98: Clearance, sheet strength and chipping risk control grade. Carbide requires suitable geometry and alignment. | K98: https://www.uddeholm.com/en/applications/blanking-and-forming/
A99: Punching / blanking | B99: Sheet-metal cutting and forming | C99: 10,001–100,000 | D99: 10001 | E99: 100000 | F99: Replaceable cutting inserts | G99: D2 / PM tool steel | H99: Hardened | I99: Cold sheet cutting | J99: Clearance, sheet strength and chipping risk control grade. Carbide requires suitable geometry and alignment. | K99: https://www.uddeholm.com/en/applications/blanking-and-forming/
A100: Punching / blanking | B100: Sheet-metal cutting and forming | C100: Above 100,000 | D100: 100001 | F100: Production die with durable cutting inserts | G100: PM tool steel / WC-Co carbide | H100: Engineered clearance and maintenance | I100: Cold sheet cutting | J100: Clearance, sheet strength and chipping risk control grade. Carbide requires suitable geometry and alignment. | K100: https://www.uddeholm.com/en/applications/blanking-and-forming/
A101: Fine blanking | B101: Sheet-metal cutting and forming | C101: 1–20 | D101: 1 | E101: 20 | F101: Dedicated precision tool | G101: M2 / Caldie / PM tool steel | H101: Qualified hardening | I101: Precision punch/die, V-ring and counterpunch | J101: Premium tooling can be needed at low volume. Select carbide only where loading permits. | K101: https://www.uddeholm.com/us/en-us/applications/fine-blanking-en-us/
A102: Fine blanking | B102: Sheet-metal cutting and forming | C102: 21–100 | D102: 21 | E102: 100 | F102: Dedicated precision tool | G102: M2 / Caldie / PM tool steel | H102: Qualified hardening | I102: Precision punch/die, V-ring and counterpunch | J102: Premium tooling can be needed at low volume. Select carbide only where loading permits. | K102: https://www.uddeholm.com/us/en-us/applications/fine-blanking-en-us/
...

Sheet Sizing guide
A2: How to read the block sizes
A5: Term | B5: Meaning | C5: Concrete example
A6: MALE | B6: A positive protrusion entering or pressing into the part/die. | C6: Example: core forming the inside of a hemispherical shell.
A7: FEMALE | B7: A recess receiving material or surrounding a part. | C7: A complete sphere normally uses TWO FEMALE hemispherical cavities, not one male and one female.
A8: DIE | B8: General name for forming/cutting tooling; it does not automatically mean female. | C8: The role column explicitly says FEMALE DIE, MALE or other.
A9: CORE + CAVITY | B9: Matched male/female surfaces leave a gap that becomes the wall. | C9: For an open hemisphere Ø100 × wall 3, the nominal core diameter is Ø94.
A10: SPLIT CAVITY | B10: Two female halves together surround a solid or hollow part. | C10: Wax sphere, blow-molded sphere and rotationally molded sphere use this arrangement.
A11: PATTERN | B11: Positive replica used to create an expendable mold. | C11: Sand-casting pattern blocks are male; the resulting sand cavities are female.
A12: WORKING BLOCK vs COMPLETE TOOL | B12: The cavity/core blocks are only part of many complete tools. | C12: Guide systems, holder plates, ejectors, heaters, controls and machine interfaces are not silently included in these sizes.
A15: Sizing step | B15: Rule | C15: Interpretation
A16: 1. Reference shape | B16: Use final part dimensions and the selected opening direction | C16: A sphere split at the equator needs a pocket depth of approximately half its diameter in each half.
A17: 2. Tool enlargement | B17: Effective envelope = nominal envelope × (1 + enlargement) | C17: Values are assumed size increases, not measured shrinkage percentages. E.g. 2% enlargement means 100 becomes 102.
A18: 3. Side reserve | B18: Finished body width = effective envelope width + 2 × side reserve | C18: Reserve must accommodate local support, cooling/heaters and features after actual layout. It is not a validated wall thickness.
... A22: 7. Quantity effect | B22: Same reference geometry and cavity count in all quantity bands | C22: Grade, wear inserts and automation may change. Do not increase the block automatically because more parts are ordered.
A25: Ø100 mm wax-sphere example | B25: Value | C25: Unit | D25: What this means
A26: Final sphere diameter | B26: 100 | C26: mm | D26: Finished casting reference
A27: Assumed linear tool enlargement | B27: 0.02 | C27: ratio | D27: Combined dimensional allowance to qualify
A28: Wax cavity diameter | B28: =B26*(1+B27) -> 102 | C28: mm | D28: Calculated
A29: Cavity depth in each half | B29: =B28/2 -> 51 | C29: mm | D29: Calculated equatorial split
A30: Side reserve each side | B30: 30 | C30: mm | D30: Assumed, not a strength result
A31: Backing behind pocket | B31: 30 | C31: mm | D31: Assumed, not a strength result
A32: Stock allowance per face | B32: 3 | C32: mm | D32: Assumed
A33: Raw stock length / width | B33: =ROUNDUP((B28+2*B30+2*B32)/5,0)*5 -> 170 | C33: mm | D33: Rounded upward to 5 mm
A34: Raw stock thickness | B34: =ROUNDUP((B29+B31+2*B32)/5,0)*5 -> 90 | C34: mm | D34: Rounded upward to 5 mm
A35: Required blocks | B35: 2 | C35: count | D35: Both FEMALE
A38: Before releasing a purchase order | B38: Required decision | C38: Why it can change the stock size
A39: Pressure/load and support | B39: Check actual process load, tool material at temperature, fatigue and support spans | C39: No universal mechanically safe minimum follows from part diameter alone.
A40: Cooling and hardware layout | B40: Place channels, heaters, ejectors, bolts, gates and local inserts | C40: Cross-holes can remove critical material even when the overall block appears thick.
A41: Tool construction | B41: Confirm monolithic steel, aluminum, carbide-in-steel or fabricated/cast shell route | C41: Different routes need different purchased stock and local interference/fastening calculations.
A42: Machine interface | B42: Confirm holder dimensions, shut height, opening stroke and mounting | C42: A reference working block may not fit the selected machine.
A43: Part manufacturability | B43: Confirm draft, parting line, radii, filling/forming, ejection and dimensional compensation | C43: The simple shapes are estimating references; finished production drawings are not supplied.
A44: Scope | B44: List complete mold base, press fixtures, consumables and services separately | C44: The reference summary identifies exclusions; this is not a turnkey tool quotation.
A47: Source / provenance | B47: Scope | C47: URL
A48: Engineering assumptions in this workbook | B48: All numerical side/backing/stock allowances and reference tool packages | C48: Illustrative planning values authored for these examples; not manufacturer-rated minimums.
A49: DME | B49: Mold support, deflection and need for design-specific analysis | C49: https://www.dme.net/support-pillars-faq/
A50: Association of Rotational Molders | B50: Machined, cast and fabricated mold routes | C50: https://www.rotomolding.org/tooling/
A51: Protolabs | B51: Thin, relatively uniform molded sections rather than thick solid masses | C51: https://www.protolabs.com/resources/design-tips/improving-part-design-with-uniform-wall-thickness/
